/*
SQLyog 企业版 - MySQL GUI v8.14
MySQL - 5.7.13 : Database - longevity
*********************************************************************
*/


/*!40101 SET NAMES utf8 */;

/*!40101 SET SQL_MODE=''*/;

/*!40014 SET @OLD_UNIQUE_CHECKS=@@UNIQUE_CHECKS, UNIQUE_CHECKS=0 */;
/*!40014 SET @OLD_FOREIGN_KEY_CHECKS=@@FOREIGN_KEY_CHECKS, FOREIGN_KEY_CHECKS=0 */;
/*!40101 SET @OLD_SQL_MODE=@@SQL_MODE, SQL_MODE='NO_AUTO_VALUE_ON_ZERO' */;
/*!40111 SET @OLD_SQL_NOTES=@@SQL_NOTES, SQL_NOTES=0 */;


/*Table structure for table `qrtz_blob_triggers` */

DROP TABLE IF EXISTS `qrtz_blob_triggers`;

CREATE TABLE `qrtz_blob_triggers` (
  `SCHED_NAME` varchar(120) NOT NULL,
  `TRIGGER_NAME` varchar(200) NOT NULL,
  `TRIGGER_GROUP` varchar(200) NOT NULL,
  `BLOB_DATA` blob,
  PRIMARY KEY (`SCHED_NAME`,`TRIGGER_NAME`,`TRIGGER_GROUP`),
  KEY `SCHED_NAME` (`SCHED_NAME`,`TRIGGER_NAME`,`TRIGGER_GROUP`) USING BTREE,
  CONSTRAINT `qrtz_blob_triggers_ibfk_1` FOREIGN KEY (`SCHED_NAME`, `TRIGGER_NAME`, `TRIGGER_GROUP`) REFERENCES `qrtz_triggers` (`SCHED_NAME`, `TRIGGER_NAME`, `TRIGGER_GROUP`)
) ENGINE=InnoDB DEFAULT CHARSET=utf8;

/*Data for the table `qrtz_blob_triggers` */

/*Table structure for table `qrtz_calendars` */

DROP TABLE IF EXISTS `qrtz_calendars`;

CREATE TABLE `qrtz_calendars` (
  `SCHED_NAME` varchar(120) NOT NULL,
  `CALENDAR_NAME` varchar(200) NOT NULL,
  `CALENDAR` blob NOT NULL,
  PRIMARY KEY (`SCHED_NAME`,`CALENDAR_NAME`)
) ENGINE=InnoDB DEFAULT CHARSET=utf8;

/*Data for the table `qrtz_calendars` */

/*Table structure for table `qrtz_cron_triggers` */

DROP TABLE IF EXISTS `qrtz_cron_triggers`;

CREATE TABLE `qrtz_cron_triggers` (
  `SCHED_NAME` varchar(120) NOT NULL,
  `TRIGGER_NAME` varchar(200) NOT NULL,
  `TRIGGER_GROUP` varchar(200) NOT NULL,
  `CRON_EXPRESSION` varchar(120) NOT NULL,
  `TIME_ZONE_ID` varchar(80) DEFAULT NULL,
  PRIMARY KEY (`SCHED_NAME`,`TRIGGER_NAME`,`TRIGGER_GROUP`),
  CONSTRAINT `qrtz_cron_triggers_ibfk_1` FOREIGN KEY (`SCHED_NAME`, `TRIGGER_NAME`, `TRIGGER_GROUP`) REFERENCES `qrtz_triggers` (`SCHED_NAME`, `TRIGGER_NAME`, `TRIGGER_GROUP`)
) ENGINE=InnoDB DEFAULT CHARSET=utf8;

/*Data for the table `qrtz_cron_triggers` */

/*Table structure for table `qrtz_fired_triggers` */

DROP TABLE IF EXISTS `qrtz_fired_triggers`;

CREATE TABLE `qrtz_fired_triggers` (
  `SCHED_NAME` varchar(120) NOT NULL,
  `ENTRY_ID` varchar(95) NOT NULL,
  `TRIGGER_NAME` varchar(200) NOT NULL,
  `TRIGGER_GROUP` varchar(200) NOT NULL,
  `INSTANCE_NAME` varchar(200) NOT NULL,
  `FIRED_TIME` bigint(13) NOT NULL,
  `SCHED_TIME` bigint(13) NOT NULL,
  `PRIORITY` int(11) NOT NULL,
  `STATE` varchar(16) NOT NULL,
  `JOB_NAME` varchar(200) DEFAULT NULL,
  `JOB_GROUP` varchar(200) DEFAULT NULL,
  `IS_NONCONCURRENT` varchar(1) DEFAULT NULL,
  `REQUESTS_RECOVERY` varchar(1) DEFAULT NULL,
  PRIMARY KEY (`SCHED_NAME`,`ENTRY_ID`),
  KEY `IDX_QRTZ_FT_TRIG_INST_NAME` (`SCHED_NAME`,`INSTANCE_NAME`) USING BTREE,
  KEY `IDX_QRTZ_FT_INST_JOB_REQ_RCVRY` (`SCHED_NAME`,`INSTANCE_NAME`,`REQUESTS_RECOVERY`) USING BTREE,
  KEY `IDX_QRTZ_FT_J_G` (`SCHED_NAME`,`JOB_NAME`,`JOB_GROUP`) USING BTREE,
  KEY `IDX_QRTZ_FT_JG` (`SCHED_NAME`,`JOB_GROUP`) USING BTREE,
  KEY `IDX_QRTZ_FT_T_G` (`SCHED_NAME`,`TRIGGER_NAME`,`TRIGGER_GROUP`) USING BTREE,
  KEY `IDX_QRTZ_FT_TG` (`SCHED_NAME`,`TRIGGER_GROUP`) USING BTREE
) ENGINE=InnoDB DEFAULT CHARSET=utf8;

/*Data for the table `qrtz_fired_triggers` */

/*Table structure for table `qrtz_job_details` */

DROP TABLE IF EXISTS `qrtz_job_details`;

CREATE TABLE `qrtz_job_details` (
  `SCHED_NAME` varchar(120) NOT NULL,
  `JOB_NAME` varchar(200) NOT NULL,
  `JOB_GROUP` varchar(200) NOT NULL,
  `DESCRIPTION` varchar(250) DEFAULT NULL,
  `JOB_CLASS_NAME` varchar(250) NOT NULL,
  `IS_DURABLE` varchar(1) NOT NULL,
  `IS_NONCONCURRENT` varchar(1) NOT NULL,
  `IS_UPDATE_DATA` varchar(1) NOT NULL,
  `REQUESTS_RECOVERY` varchar(1) NOT NULL,
  `JOB_DATA` blob,
  PRIMARY KEY (`SCHED_NAME`,`JOB_NAME`,`JOB_GROUP`),
  KEY `IDX_QRTZ_J_REQ_RECOVERY` (`SCHED_NAME`,`REQUESTS_RECOVERY`) USING BTREE,
  KEY `IDX_QRTZ_J_GRP` (`SCHED_NAME`,`JOB_GROUP`) USING BTREE
) ENGINE=InnoDB DEFAULT CHARSET=utf8;

/*Data for the table `qrtz_job_details` */

/*Table structure for table `qrtz_locks` */

DROP TABLE IF EXISTS `qrtz_locks`;

CREATE TABLE `qrtz_locks` (
  `SCHED_NAME` varchar(120) NOT NULL,
  `LOCK_NAME` varchar(40) NOT NULL,
  PRIMARY KEY (`SCHED_NAME`,`LOCK_NAME`)
) ENGINE=InnoDB DEFAULT CHARSET=utf8;

/*Data for the table `qrtz_locks` */

insert  into `qrtz_locks`(`SCHED_NAME`,`LOCK_NAME`) values ('HdwDubboScheduler','STATE_ACCESS'),('HdwDubboScheduler','TRIGGER_ACCESS');

/*Table structure for table `qrtz_paused_trigger_grps` */

DROP TABLE IF EXISTS `qrtz_paused_trigger_grps`;

CREATE TABLE `qrtz_paused_trigger_grps` (
  `SCHED_NAME` varchar(120) NOT NULL,
  `TRIGGER_GROUP` varchar(200) NOT NULL,
  PRIMARY KEY (`SCHED_NAME`,`TRIGGER_GROUP`)
) ENGINE=InnoDB DEFAULT CHARSET=utf8;

/*Data for the table `qrtz_paused_trigger_grps` */

/*Table structure for table `qrtz_scheduler_state` */

DROP TABLE IF EXISTS `qrtz_scheduler_state`;

CREATE TABLE `qrtz_scheduler_state` (
  `SCHED_NAME` varchar(120) NOT NULL,
  `INSTANCE_NAME` varchar(200) NOT NULL,
  `LAST_CHECKIN_TIME` bigint(13) NOT NULL,
  `CHECKIN_INTERVAL` bigint(13) NOT NULL,
  PRIMARY KEY (`SCHED_NAME`,`INSTANCE_NAME`)
) ENGINE=InnoDB DEFAULT CHARSET=utf8;

/*Data for the table `qrtz_scheduler_state` */

insert  into `qrtz_scheduler_state`(`SCHED_NAME`,`INSTANCE_NAME`,`LAST_CHECKIN_TIME`,`CHECKIN_INTERVAL`) values ('HDWDubboScheduler','xiaochangkun1553480578466',1553481069737,15000);

/*Table structure for table `qrtz_simple_triggers` */

DROP TABLE IF EXISTS `qrtz_simple_triggers`;

CREATE TABLE `qrtz_simple_triggers` (
  `SCHED_NAME` varchar(120) NOT NULL,
  `TRIGGER_NAME` varchar(200) NOT NULL,
  `TRIGGER_GROUP` varchar(200) NOT NULL,
  `REPEAT_COUNT` bigint(7) NOT NULL,
  `REPEAT_INTERVAL` bigint(12) NOT NULL,
  `TIMES_TRIGGERED` bigint(10) NOT NULL,
  PRIMARY KEY (`SCHED_NAME`,`TRIGGER_NAME`,`TRIGGER_GROUP`),
  CONSTRAINT `qrtz_simple_triggers_ibfk_1` FOREIGN KEY (`SCHED_NAME`, `TRIGGER_NAME`, `TRIGGER_GROUP`) REFERENCES `qrtz_triggers` (`SCHED_NAME`, `TRIGGER_NAME`, `TRIGGER_GROUP`)
) ENGINE=InnoDB DEFAULT CHARSET=utf8;

/*Data for the table `qrtz_simple_triggers` */

/*Table structure for table `qrtz_simprop_triggers` */

DROP TABLE IF EXISTS `qrtz_simprop_triggers`;

CREATE TABLE `qrtz_simprop_triggers` (
  `SCHED_NAME` varchar(120) NOT NULL,
  `TRIGGER_NAME` varchar(200) NOT NULL,
  `TRIGGER_GROUP` varchar(200) NOT NULL,
  `STR_PROP_1` varchar(512) DEFAULT NULL,
  `STR_PROP_2` varchar(512) DEFAULT NULL,
  `STR_PROP_3` varchar(512) DEFAULT NULL,
  `INT_PROP_1` int(11) DEFAULT NULL,
  `INT_PROP_2` int(11) DEFAULT NULL,
  `LONG_PROP_1` bigint(20) DEFAULT NULL,
  `LONG_PROP_2` bigint(20) DEFAULT NULL,
  `DEC_PROP_1` decimal(13,4) DEFAULT NULL,
  `DEC_PROP_2` decimal(13,4) DEFAULT NULL,
  `BOOL_PROP_1` varchar(1) DEFAULT NULL,
  `BOOL_PROP_2` varchar(1) DEFAULT NULL,
  PRIMARY KEY (`SCHED_NAME`,`TRIGGER_NAME`,`TRIGGER_GROUP`),
  CONSTRAINT `qrtz_simprop_triggers_ibfk_1` FOREIGN KEY (`SCHED_NAME`, `TRIGGER_NAME`, `TRIGGER_GROUP`) REFERENCES `qrtz_triggers` (`SCHED_NAME`, `TRIGGER_NAME`, `TRIGGER_GROUP`)
) ENGINE=InnoDB DEFAULT CHARSET=utf8;

/*Data for the table `qrtz_simprop_triggers` */

/*Table structure for table `qrtz_triggers` */

DROP TABLE IF EXISTS `qrtz_triggers`;

CREATE TABLE `qrtz_triggers` (
  `SCHED_NAME` varchar(120) NOT NULL,
  `TRIGGER_NAME` varchar(200) NOT NULL,
  `TRIGGER_GROUP` varchar(200) NOT NULL,
  `JOB_NAME` varchar(200) NOT NULL,
  `JOB_GROUP` varchar(200) NOT NULL,
  `DESCRIPTION` varchar(250) DEFAULT NULL,
  `NEXT_FIRE_TIME` bigint(13) DEFAULT NULL,
  `PREV_FIRE_TIME` bigint(13) DEFAULT NULL,
  `PRIORITY` int(11) DEFAULT NULL,
  `TRIGGER_STATE` varchar(16) NOT NULL,
  `TRIGGER_TYPE` varchar(8) NOT NULL,
  `START_TIME` bigint(13) NOT NULL,
  `END_TIME` bigint(13) DEFAULT NULL,
  `CALENDAR_NAME` varchar(200) DEFAULT NULL,
  `MISFIRE_INSTR` smallint(2) DEFAULT NULL,
  `JOB_DATA` blob,
  PRIMARY KEY (`SCHED_NAME`,`TRIGGER_NAME`,`TRIGGER_GROUP`),
  KEY `IDX_QRTZ_T_J` (`SCHED_NAME`,`JOB_NAME`,`JOB_GROUP`) USING BTREE,
  KEY `IDX_QRTZ_T_JG` (`SCHED_NAME`,`JOB_GROUP`) USING BTREE,
  KEY `IDX_QRTZ_T_C` (`SCHED_NAME`,`CALENDAR_NAME`) USING BTREE,
  KEY `IDX_QRTZ_T_G` (`SCHED_NAME`,`TRIGGER_GROUP`) USING BTREE,
  KEY `IDX_QRTZ_T_STATE` (`SCHED_NAME`,`TRIGGER_STATE`) USING BTREE,
  KEY `IDX_QRTZ_T_N_STATE` (`SCHED_NAME`,`TRIGGER_NAME`,`TRIGGER_GROUP`,`TRIGGER_STATE`) USING BTREE,
  KEY `IDX_QRTZ_T_N_G_STATE` (`SCHED_NAME`,`TRIGGER_GROUP`,`TRIGGER_STATE`) USING BTREE,
  KEY `IDX_QRTZ_T_NEXT_FIRE_TIME` (`SCHED_NAME`,`NEXT_FIRE_TIME`) USING BTREE,
  KEY `IDX_QRTZ_T_NFT_ST` (`SCHED_NAME`,`TRIGGER_STATE`,`NEXT_FIRE_TIME`) USING BTREE,
  KEY `IDX_QRTZ_T_NFT_MISFIRE` (`SCHED_NAME`,`MISFIRE_INSTR`,`NEXT_FIRE_TIME`) USING BTREE,
  KEY `IDX_QRTZ_T_NFT_ST_MISFIRE` (`SCHED_NAME`,`MISFIRE_INSTR`,`NEXT_FIRE_TIME`,`TRIGGER_STATE`) USING BTREE,
  KEY `IDX_QRTZ_T_NFT_ST_MISFIRE_GRP` (`SCHED_NAME`,`MISFIRE_INSTR`,`NEXT_FIRE_TIME`,`TRIGGER_GROUP`,`TRIGGER_STATE`) USING BTREE,
  CONSTRAINT `qrtz_triggers_ibfk_1` FOREIGN KEY (`SCHED_NAME`, `JOB_NAME`, `JOB_GROUP`) REFERENCES `qrtz_job_details` (`SCHED_NAME`, `JOB_NAME`, `JOB_GROUP`)
) ENGINE=InnoDB DEFAULT CHARSET=utf8;

/*Data for the table `qrtz_triggers` */

/*Table structure for table `t_schedule_job` */

DROP TABLE IF EXISTS `t_schedule_job`;

CREATE TABLE `t_schedule_job` (
  `job_id` varchar(32) NOT NULL COMMENT '任务id',
  `bean_name` varchar(200) DEFAULT NULL COMMENT 'spring bean名称',
  `method_name` varchar(100) DEFAULT NULL COMMENT '方法名',
  `params` varchar(2000) DEFAULT NULL COMMENT '参数',
  `cron_expression` varchar(100) DEFAULT NULL COMMENT 'cron表达式',
  `status` tinyint(4) DEFAULT NULL COMMENT '任务状态  0：正常  1：暂停',
  `remark` varchar(255) DEFAULT NULL COMMENT '备注',
  `create_time` datetime DEFAULT NULL COMMENT '创建时间',
  PRIMARY KEY (`job_id`)
) ENGINE=InnoDB DEFAULT CHARSET=utf8 COMMENT='定时任务';

/*Data for the table `t_schedule_job` */

/*Table structure for table `t_schedule_job_log` */

DROP TABLE IF EXISTS `t_schedule_job_log`;

CREATE TABLE `t_schedule_job_log` (
  `log_id` varchar(32) NOT NULL COMMENT '任务日志id',
  `job_id` varchar(32) NOT NULL COMMENT '任务id',
  `bean_name` varchar(200) DEFAULT NULL COMMENT 'spring bean名称',
  `method_name` varchar(100) DEFAULT NULL COMMENT '方法名',
  `params` varchar(2000) DEFAULT NULL COMMENT '参数',
  `status` tinyint(4) NOT NULL COMMENT '任务状态    0：成功    1：失败',
  `error` varchar(2000) DEFAULT NULL COMMENT '失败信息',
  `times` int(11) NOT NULL COMMENT '耗时(单位：毫秒)',
  `create_time` datetime DEFAULT NULL COMMENT '创建时间',
  PRIMARY KEY (`log_id`),
  KEY `job_id` (`job_id`) USING BTREE
) ENGINE=InnoDB DEFAULT CHARSET=utf8 COMMENT='定时任务日志';

/*Data for the table `t_schedule_job_log` */

insert  into `t_schedule_job_log`(`log_id`,`job_id`,`bean_name`,`method_name`,`params`,`status`,`error`,`times`,`create_time`) values ('1103526609001836545','1086176328410615809','testTask','test2','',0,NULL,12,'2019-03-07 13:23:41'),('1103526612638298113','1075657352257654785','testTask','test','参数',0,NULL,1021,'2019-03-07 13:23:41'),('1103526646725406721','1086176462716424193','testTask','test3','测试',0,NULL,9027,'2019-03-07 13:23:41'),('1103526650068267010','1086176328410615809','testTask','test2','',0,NULL,1,'2019-03-07 13:23:51'),('1103526653180440578','1075657352257654785','testTask','test','参数',0,NULL,1002,'2019-03-07 13:23:50'),('1103526690560077825','1086176328410615809','testTask','test2','',0,NULL,1,'2019-03-07 13:24:00'),('1103526692854362114','1086176462716424193','testTask','test3','测试',0,NULL,10004,'2019-03-07 13:23:51'),('1103526694150402049','1075657352257654785','testTask','test','参数',0,NULL,1001,'2019-03-07 13:24:00'),('1103526729013456898','1086176462716424193','testTask','test3','测试',0,NULL,9004,'2019-03-07 13:24:00'),('1103526733807546369','1086176328410615809','testTask','test2','',0,NULL,1,'2019-03-07 13:24:11'),('1103526736600952833','1075657352257654785','testTask','test','参数',0,NULL,1002,'2019-03-07 13:24:10'),('1103526774559404034','1086176328410615809','testTask','test2','',0,NULL,1,'2019-03-07 13:24:20'),('1103526776459423745','1086176462716424193','testTask','test3','测试',0,NULL,10006,'2019-03-07 13:24:11'),('1103526777994539009','1075657352257654785','testTask','test','参数',0,NULL,1002,'2019-03-07 13:24:20'),('1103526814124273665','1086176462716424193','testTask','test3','测试',0,NULL,9007,'2019-03-07 13:24:21'),('1103526817278390274','1086176328410615809','testTask','test2','',0,NULL,0,'2019-03-07 13:24:30'),('1103526820826771457','1075657352257654785','testTask','test','参数',0,NULL,1001,'2019-03-07 13:24:30'),('1103526858072190978','1086176328410615809','testTask','test2','',0,NULL,1,'2019-03-07 13:24:40'),('1103526860009959425','1086176462716424193','testTask','test3','测试',0,NULL,10006,'2019-03-07 13:24:31'),('1103526861880619010','1075657352257654785','testTask','test','参数',0,NULL,1002,'2019-03-07 13:24:40'),('1103526888262791169','1086176462716424193','testTask','test3','测试',0,NULL,7003,'2019-03-07 13:24:40'),('1103526900090728449','1086176328410615809','testTask','test2','',0,NULL,0,'2019-03-07 13:24:50'),('1103526903920128002','1075657352257654785','testTask','test','参数',0,NULL,1001,'2019-03-07 13:24:50'),('1103526942230900738','1086176328410615809','testTask','test2','',0,NULL,1,'2019-03-07 13:25:00'),('1103526942545473537','1086176462716424193','testTask','test3','测试',0,NULL,10006,'2019-03-07 13:24:50'),('1103526945825419266','1075657352257654785','testTask','test','参数',0,NULL,1001,'2019-03-07 13:25:00'),('1103526976292843522','1086176462716424193','testTask','test3','测试',0,NULL,8004,'2019-03-07 13:25:00'),('1103526984522067970','1086176328410615809','testTask','test2','',0,NULL,1,'2019-03-07 13:25:10'),('1103526988057866242','1075657352257654785','testTask','test','参数',0,NULL,1000,'2019-03-07 13:25:10'),('1103527022732177409','1086176462716424193','testTask','test3','测试',0,NULL,9004,'2019-03-07 13:25:10'),('1103527025647218689','1086176328410615809','testTask','test2','',0,NULL,1,'2019-03-07 13:25:20'),('1103527029531144193','1075657352257654785','testTask','test','参数',0,NULL,1002,'2019-03-07 13:25:20'),('1103527068072603650','1086176462716424193','testTask','test3','测试',0,NULL,10004,'2019-03-07 13:25:20'),('1103527068198432769','1086176328410615809','testTask','test2','',0,NULL,1,'2019-03-07 13:25:30'),('1103527071843282946','1075657352257654785','testTask','test','参数',0,NULL,1001,'2019-03-07 13:25:30'),('1103527098191900673','1086176462716424193','testTask','test3','测试',0,NULL,7005,'2019-03-07 13:25:30'),('1103527109592018946','1086176328410615809','testTask','test2','',0,NULL,1,'2019-03-07 13:25:40'),('1103527113505304578','1075657352257654785','testTask','test','参数',0,NULL,1002,'2019-03-07 13:25:40'),('1103527148099923969','1086176462716424193','testTask','test3','测试',0,NULL,9005,'2019-03-07 13:25:40'),('1103527151535058945','1086176328410615809','testTask','test2','',0,NULL,1,'2019-03-07 13:25:50'),('1103527155406401537','1075657352257654785','testTask','test','参数',0,NULL,1002,'2019-03-07 13:25:50'),('1103527193813643265','1086176328410615809','testTask','test2','',0,NULL,1,'2019-03-07 13:26:00'),('1103527193922695169','1086176462716424193','testTask','test3','测试',0,NULL,10006,'2019-03-07 13:25:50'),('1103527197399773186','1075657352257654785','testTask','test','参数',0,NULL,1002,'2019-03-07 13:26:00'),('1103527223656116225','1086176462716424193','testTask','test3','测试',0,NULL,7004,'2019-03-07 13:26:00'),('1103527235769266177','1086176328410615809','testTask','test2','',0,NULL,1,'2019-03-07 13:26:10'),('1103527239305064450','1075657352257654785','testTask','test','参数',0,NULL,1001,'2019-03-07 13:26:10'),('1103527265741762561','1086176462716424193','testTask','test3','测试',0,NULL,7005,'2019-03-07 13:26:10'),('1103527277422899201','1086176328410615809','testTask','test2','',0,NULL,1,'2019-03-07 13:26:20'),('1103527281243910146','1075657352257654785','testTask','test','参数',0,NULL,1002,'2019-03-07 13:26:20'),('1103527319323996162','1086176328410615809','testTask','test2','',0,NULL,1,'2019-03-07 13:26:30'),('1103527320133496833','1086176462716424193','testTask','test3','测试',0,NULL,10007,'2019-03-07 13:26:20'),('1103527323149201410','1075657352257654785','testTask','test','参数',0,NULL,1002,'2019-03-07 13:26:30'),('1103527361648717825','1086176328410615809','testTask','test2','',0,NULL,0,'2019-03-07 13:26:40'),('1103527361799712769','1086176462716424193','testTask','test3','测试',0,NULL,10007,'2019-03-07 13:26:30'),('1103527365234847745','1075657352257654785','testTask','test','参数',0,NULL,1000,'2019-03-07 13:26:40'),('1103527383140331522','1086176462716424193','testTask','test3','测试',0,NULL,5004,'2019-03-07 13:26:40'),('1103527404053131266','1086176328410615809','testTask','test2','',0,NULL,1,'2019-03-07 13:26:50'),('1103527407282745346','1075657352257654785','testTask','test','参数',0,NULL,1002,'2019-03-07 13:26:50'),('1103527445257973761','1086176328410615809','testTask','test2','',0,NULL,0,'2019-03-07 13:27:00'),('1103527446717591553','1086176462716424193','testTask','test3','测试',0,NULL,10005,'2019-03-07 13:26:50'),('1103527449032847362','1075657352257654785','testTask','test','参数',0,NULL,1001,'2019-03-07 13:27:00'),('1103527483530997761','1086176462716424193','testTask','test3','测试',0,NULL,9006,'2019-03-07 13:27:00'),('1103527487293288449','1086176328410615809','testTask','test2','',0,NULL,0,'2019-03-07 13:27:10'),('1103527491114299393','1075657352257654785','testTask','test','参数',0,NULL,1001,'2019-03-07 13:27:10'),('1103527525574701057','1086176462716424193','testTask','test3','测试',0,NULL,9005,'2019-03-07 13:27:10'),('1103527529328603138','1086176328410615809','testTask','test2','',0,NULL,1,'2019-03-07 13:27:20'),('1103527532872790018','1075657352257654785','testTask','test','参数',0,NULL,1001,'2019-03-07 13:27:20'),('1103527563419906049','1086176462716424193','testTask','test3','测试',0,NULL,8006,'2019-03-07 13:27:20'),('1103527571321974785','1086176328410615809','testTask','test2','',0,NULL,1,'2019-03-07 13:27:30'),('1103527574874550273','1075657352257654785','testTask','test','参数',0,NULL,1002,'2019-03-07 13:27:30'),('1103527613143379970','1086176328410615809','testTask','test2','',0,NULL,1,'2019-03-07 13:27:40'),('1103527613806080002','1086176462716424193','testTask','test3','测试',0,NULL,10006,'2019-03-07 13:27:30'),('1103527616813395970','1075657352257654785','testTask','test','参数',0,NULL,1002,'2019-03-07 13:27:40'),('1103527654948007938','1086176328410615809','testTask','test2','',0,NULL,1,'2019-03-07 13:27:50'),('1103527655979806721','1086176462716424193','testTask','test3','测试',0,NULL,10006,'2019-03-07 13:27:40'),('1103527658756435970','1075657352257654785','testTask','test','参数',0,NULL,1001,'2019-03-07 13:27:50'),('1103527697302089730','1086176328410615809','testTask','test2','',0,NULL,1,'2019-03-07 13:28:00'),('1103527697365004289','1086176462716424193','testTask','test3','测试',0,NULL,10005,'2019-03-07 13:27:50'),('1103527700896608257','1075657352257654785','testTask','test','参数',0,NULL,1003,'2019-03-07 13:28:00'),('1103527738783756290','1086176328410615809','testTask','test2','',0,NULL,1,'2019-03-07 13:28:10'),('1103527739798777857','1086176462716424193','testTask','test3','测试',0,NULL,10007,'2019-03-07 13:28:00'),('1103527742596378625','1075657352257654785','testTask','test','参数',0,NULL,1001,'2019-03-07 13:28:10'),('1103527780726796290','1086176328410615809','testTask','test2','',0,NULL,1,'2019-03-07 13:28:20'),('1103527781532102657','1086176462716424193','testTask','test3','测试',0,NULL,10004,'2019-03-07 13:28:10'),('1103527784593944578','1075657352257654785','testTask','test','参数',0,NULL,1001,'2019-03-07 13:28:20'),('1103527823001186306','1086176328410615809','testTask','test2','',0,NULL,0,'2019-03-07 13:28:30'),('1103527823156375554','1086176462716424193','testTask','test3','测试',0,NULL,10005,'2019-03-07 13:28:20'),('1103527826545373185','1075657352257654785','testTask','test','参数',0,NULL,1001,'2019-03-07 13:28:30'),('1103527880328933377','1086176462716424193','testTask','test3','测试',0,NULL,13551,'2019-03-07 13:28:30'),('1103527883915063298','1086176328410615809','testTask','test2','',0,NULL,0,'2019-03-07 13:28:45'),('1103527886825910274','1075657352257654785','testTask','test','参数',0,NULL,1003,'2019-03-07 13:28:44'),('1103527922003537921','1086176328410615809','testTask','test2','',0,NULL,1,'2019-03-07 13:28:54'),('1103527925480615938','1086176462716424193','testTask','test3','测试',0,NULL,9776,'2019-03-07 13:28:45'),('1103527925879074817','1075657352257654785','testTask','test','参数',0,NULL,1001,'2019-03-07 13:28:54'),('1103527939569283074','1086176462716424193','testTask','test3','测试',0,NULL,4002,'2019-03-07 13:28:54'),('1103527948465401858','1086176328410615809','testTask','test2','',0,NULL,1,'2019-03-07 13:29:00'),('1103527952336744450','1075657352257654785','testTask','test','参数',0,NULL,1001,'2019-03-07 13:29:00'),('1103527990735597570','1086176328410615809','testTask','test2','',0,NULL,0,'2019-03-07 13:29:10'),('1103527990853038082','1086176462716424193','testTask','test3','测试',0,NULL,10007,'2019-03-07 13:29:00'),('1103527994372059137','1075657352257654785','testTask','test','参数',0,NULL,1001,'2019-03-07 13:29:10'),('1103528008410394626','1086176462716424193','testTask','test3','测试',0,NULL,4003,'2019-03-07 13:29:10'),('1103528032364064770','1086176328410615809','testTask','test2','',0,NULL,1,'2019-03-07 13:29:20'),('1103528036227018753','1075657352257654785','testTask','test','参数',0,NULL,1001,'2019-03-07 13:29:20'),('1103528074395185154','1086176328410615809','testTask','test2','',0,NULL,1,'2019-03-07 13:29:30'),('1103528075083051010','1086176462716424193','testTask','test3','测试',0,NULL,10007,'2019-03-07 13:29:20'),('1103528078258139137','1075657352257654785','testTask','test','参数',0,NULL,1001,'2019-03-07 13:29:30'),('1103528116543746050','1086176328410615809','testTask','test2','',0,NULL,1,'2019-03-07 13:29:40'),('1103528116824764418','1086176462716424193','testTask','test3','测试',0,NULL,10005,'2019-03-07 13:29:30'),('1103528120163430401','1075657352257654785','testTask','test','参数',0,NULL,1002,'2019-03-07 13:29:40'),('1103528158293848066','1086176328410615809','testTask','test2','',0,NULL,0,'2019-03-07 13:29:50'),('1103528159036239873','1086176462716424193','testTask','test3','测试',0,NULL,10005,'2019-03-07 13:29:40'),('1103528162064527362','1075657352257654785','testTask','test','参数',0,NULL,1002,'2019-03-07 13:29:50'),('1103528188543168514','1086176462716424193','testTask','test3','测试',0,NULL,7004,'2019-03-07 13:29:50'),('1103528200245276673','1086176328410615809','testTask','test2','',0,NULL,1,'2019-03-07 13:30:00'),('1103528204015955969','1075657352257654785','testTask','test','参数',0,NULL,1001,'2019-03-07 13:30:00'),('1103528238564438018','1086176462716424193','testTask','test3','测试',0,NULL,9007,'2019-03-07 13:30:00'),('1103528243014594562','1086176328410615809','testTask','test2','',0,NULL,1,'2019-03-07 13:30:10'),('1103528246093213698','1075657352257654785','testTask','test','参数',0,NULL,1003,'2019-03-07 13:30:10'),('1103528268658569217','1086176462716424193','testTask','test3','测试',0,NULL,6003,'2019-03-07 13:30:10'),('1103528284215242754','1086176328410615809','testTask','test2','',0,NULL,1,'2019-03-07 13:30:20'),('1103528287897841666','1075657352257654785','testTask','test','参数',0,NULL,1000,'2019-03-07 13:30:20'),('1103528322836393985','1086176462716424193','testTask','test3','测试',0,NULL,9005,'2019-03-07 13:30:20'),('1103528325977927682','1086176328410615809','testTask','test2','',0,NULL,1,'2019-03-07 13:30:30'),('1103528329798938625','1075657352257654785','testTask','test','参数',0,NULL,1001,'2019-03-07 13:30:30'),('1103528360065036290','1086176462716424193','testTask','test3','测试',0,NULL,8005,'2019-03-07 13:30:30'),('1103528368206180354','1086176328410615809','testTask','test2','',0,NULL,1,'2019-03-07 13:30:40'),('1103528371746172930','1075657352257654785','testTask','test','参数',0,NULL,1001,'2019-03-07 13:30:40'),('1103528409968865282','1086176328410615809','testTask','test2','',0,NULL,1,'2019-03-07 13:30:50'),('1103528410673508354','1086176462716424193','testTask','test3','测试',0,NULL,10005,'2019-03-07 13:30:40'),('1103528413798264834','1075657352257654785','testTask','test','参数',0,NULL,1002,'2019-03-07 13:30:50'),('1103528436019687426','1086176462716424193','testTask','test3','测试',0,NULL,6005,'2019-03-07 13:30:50'),('1103528451911905282','1086176328410615809','testTask','test2','',0,NULL,1,'2019-03-07 13:31:00'),('1103528455678390273','1075657352257654785','testTask','test','参数',0,NULL,1002,'2019-03-07 13:31:00'),('1103528481792126978','1086176462716424193','testTask','test3','测试',0,NULL,7005,'2019-03-07 13:31:00'),('1103528494123380738','1086176328410615809','testTask','test2','',0,NULL,1,'2019-03-07 13:31:10'),('1103528497625624578','1075657352257654785','testTask','test','参数',0,NULL,1002,'2019-03-07 13:31:10'),('1109001809906626562','1086176328410615809','testTask','test2','',0,NULL,0,'2019-03-22 16:00:10'),('1109001813312401409','1075657352257654785','testTask','test','参数',0,NULL,1005,'2019-03-22 16:00:10'),('1109001822858637314','1086176462716424193','testTask','test3','测试',0,NULL,3009,'2019-03-22 16:00:10'),('1109001850998222850','1086176328410615809','testTask','test2','',0,NULL,1,'2019-03-22 16:00:20'),('1109001854685016066','1075657352257654785','testTask','test','参数',0,NULL,1001,'2019-03-22 16:00:20'),('1109001889699065857','1086176462716424193','testTask','test3','测试',0,NULL,9004,'2019-03-22 16:00:20'),('1109001892773490690','1086176328410615809','testTask','test2','',0,NULL,1,'2019-03-22 16:00:30'),('1109001896619667458','1075657352257654785','testTask','test','参数',0,NULL,1000,'2019-03-22 16:00:30'),('1109001935437950977','1086176462716424193','testTask','test3','测试',0,NULL,10006,'2019-03-22 16:00:30'),('1109001936469749761','1086176328410615809','testTask','test2','',0,NULL,1,'2019-03-22 16:00:41'),('1109001939313487873','1075657352257654785','testTask','test','参数',0,NULL,1001,'2019-03-22 16:00:40'),('1109001945512669185','1086176462716424193','testTask','test3','测试',0,NULL,2002,'2019-03-22 16:00:41'),('1109001976508575745','1086176328410615809','testTask','test2','',0,NULL,0,'2019-03-22 16:00:50'),('1109001980384112641','1075657352257654785','testTask','test','参数',0,NULL,1002,'2019-03-22 16:00:50'),('1109002018883629058','1086176328410615809','testTask','test2','',0,NULL,1,'2019-03-22 16:01:00'),('1109002018946543618','1086176462716424193','testTask','test3','测试',0,NULL,10007,'2019-03-22 16:00:50'),('1109002022511702017','1075657352257654785','testTask','test','参数',0,NULL,1001,'2019-03-22 16:01:00'),('1109002061074132994','1086176328410615809','testTask','test2','',0,NULL,1,'2019-03-22 16:01:10'),('1109002061816524801','1086176462716424193','testTask','test3','测试',0,NULL,10006,'2019-03-22 16:01:00'),('1109002064446353410','1075657352257654785','testTask','test','参数',0,NULL,1001,'2019-03-22 16:01:10'),('1109002095689723905','1086176462716424193','testTask','test3','测试',0,NULL,8005,'2019-03-22 16:01:11'),('1109002102488690690','1086176328410615809','testTask','test2','',0,NULL,1,'2019-03-22 16:01:20'),('1109002106255175681','1075657352257654785','testTask','test','参数',0,NULL,1000,'2019-03-22 16:01:20'),('1109002136668073985','1086176462716424193','testTask','test3','测试',0,NULL,8006,'2019-03-22 16:01:20'),('1109002144473673730','1086176328410615809','testTask','test2','',0,NULL,1,'2019-03-22 16:01:30'),('1109002148261130242','1075657352257654785','testTask','test','参数',0,NULL,1001,'2019-03-22 16:01:30'),('1109002170167980033','1086176462716424193','testTask','test3','测试',0,NULL,6003,'2019-03-22 16:01:30'),('1109002186790006785','1086176328410615809','testTask','test2','',0,NULL,1,'2019-03-22 16:01:40'),('1109002190288056322','1075657352257654785','testTask','test','参数',0,NULL,1001,'2019-03-22 16:01:40'),('1109002225490849794','1086176462716424193','testTask','test3','测试',0,NULL,9007,'2019-03-22 16:01:40'),('1109002228422668290','1086176328410615809','testTask','test2','',0,NULL,1,'2019-03-22 16:01:50'),('1109002232184958978','1075657352257654785','testTask','test','参数',0,NULL,1000,'2019-03-22 16:01:50'),('1109002263344443394','1086176462716424193','testTask','test3','测试',0,NULL,8007,'2019-03-22 16:01:50'),('1109002270399262722','1086176328410615809','testTask','test2','',0,NULL,0,'2019-03-22 16:02:00'),('1109002274203496449','1075657352257654785','testTask','test','参数',0,NULL,1004,'2019-03-22 16:02:00'),('1109002300434673666','1086176462716424193','testTask','test3','测试',0,NULL,7005,'2019-03-22 16:02:00'),('1109002312342302722','1086176328410615809','testTask','test2','',0,NULL,1,'2019-03-22 16:02:10'),('1109002316033290242','1075657352257654785','testTask','test','参数',0,NULL,1002,'2019-03-22 16:02:10'),('1109002354625081346','1086176328410615809','testTask','test2','',0,NULL,0,'2019-03-22 16:02:20'),('1109002354868350977','1086176462716424193','testTask','test3','测试',0,NULL,10005,'2019-03-22 16:02:10'),('1109002357976330242','1075657352257654785','testTask','test','参数',0,NULL,1000,'2019-03-22 16:02:20'),('1109002380965310465','1086176462716424193','testTask','test3','测试',0,NULL,6003,'2019-03-22 16:02:21'),('1109002396282908674','1086176328410615809','testTask','test2','',0,NULL,1,'2019-03-22 16:02:30'),('1109002399973896193','1075657352257654785','testTask','test','参数',0,NULL,1001,'2019-03-22 16:02:30'),('1109002421935271937','1086176462716424193','testTask','test3','测试',0,NULL,6005,'2019-03-22 16:02:30'),('1109002438276280321','1086176328410615809','testTask','test2','',0,NULL,1,'2019-03-22 16:02:40'),('1109002441824661506','1075657352257654785','testTask','test','参数',0,NULL,1002,'2019-03-22 16:02:40'),('1109013595854700545','1086176328410615809','testTask','test2','',0,NULL,1,'2019-03-22 16:47:00'),('1109013599306612737','1075657352257654785','testTask','test','参数',0,NULL,1006,'2019-03-22 16:47:00'),('1109013617052712961','1086176462716424193','testTask','test3','测试',0,NULL,5009,'2019-03-22 16:47:00'),('1109013636984045570','1086176328410615809','testTask','test2','',0,NULL,1,'2019-03-22 16:47:10'),('1109013640809250818','1075657352257654785','testTask','test','参数',0,NULL,1000,'2019-03-22 16:47:10'),('1109013655267016706','1086176462716424193','testTask','test3','测试',0,NULL,4004,'2019-03-22 16:47:11'),('1109013678742536193','1086176328410615809','testTask','test2','',0,NULL,1,'2019-03-22 16:47:20'),('1109013682609684482','1075657352257654785','testTask','test','参数',0,NULL,1002,'2019-03-22 16:47:20'),('1109013712963862529','1086176462716424193','testTask','test3','测试',0,NULL,8005,'2019-03-22 16:47:20'),('1109013720958205954','1086176328410615809','testTask','test2','',0,NULL,0,'2019-03-22 16:47:30'),('1109013724829548546','1075657352257654785','testTask','test','参数',0,NULL,1002,'2019-03-22 16:47:30'),('1109013762678947842','1086176328410615809','testTask','test2','',0,NULL,1,'2019-03-22 16:47:40'),('1109013763756883970','1086176462716424193','testTask','test3','测试',0,NULL,10005,'2019-03-22 16:47:30'),('1109013766554484738','1075657352257654785','testTask','test','参数',0,NULL,1002,'2019-03-22 16:47:40'),('1109013801832775681','1086176462716424193','testTask','test3','测试',0,NULL,9004,'2019-03-22 16:47:40'),('1109013804575850497','1086176328410615809','testTask','test2','',0,NULL,1,'2019-03-22 16:47:50'),('1109013808354918402','1075657352257654785','testTask','test','参数',0,NULL,1001,'2019-03-22 16:47:50'),('1109013847118675970','1086176328410615809','testTask','test2','',0,NULL,1,'2019-03-22 16:48:00'),('1109013847378722818','1086176462716424193','testTask','test3','测试',0,NULL,10005,'2019-03-22 16:47:50'),('1109013850805469185','1075657352257654785','testTask','test','参数',0,NULL,1002,'2019-03-22 16:48:00'),('1109013881549717505','1086176462716424193','testTask','test3','测试',0,NULL,8004,'2019-03-22 16:48:00'),('1109013888466124801','1086176328410615809','testTask','test2','',0,NULL,1,'2019-03-22 16:48:10'),('1109013892245192705','1075657352257654785','testTask','test','参数',0,NULL,1002,'2019-03-22 16:48:10'),('1109013910146482177','1086176462716424193','testTask','test3','测试',0,NULL,5003,'2019-03-22 16:48:10'),('1109013930690183170','1086176328410615809','testTask','test2','',0,NULL,0,'2019-03-22 16:48:20'),('1109013934561525762','1075657352257654785','testTask','test','参数',0,NULL,1002,'2019-03-22 16:48:20'),('1109013972960378882','1086176328410615809','testTask','test2','',0,NULL,0,'2019-03-22 16:48:30'),('1109013973132345346','1086176462716424193','testTask','test3','测试',0,NULL,10008,'2019-03-22 16:48:20'),('1109013976311627778','1075657352257654785','testTask','test','参数',0,NULL,1000,'2019-03-22 16:48:30'),('1109014003603963905','1086176462716424193','testTask','test3','测试',0,NULL,7005,'2019-03-22 16:48:31'),('1109014014391713794','1086176328410615809','testTask','test2','',0,NULL,1,'2019-03-22 16:48:40'),('1109014018170781697','1075657352257654785','testTask','test','参数',0,NULL,1002,'2019-03-22 16:48:40'),('1109014048487211010','1086176462716424193','testTask','test3','测试',0,NULL,8006,'2019-03-22 16:48:40'),('1109014057286860801','1086176328410615809','testTask','test2','',0,NULL,1,'2019-03-22 16:48:50'),('1109014060269010945','1075657352257654785','testTask','test','参数',0,NULL,1002,'2019-03-22 16:48:50'),('1109014092124749825','1086176462716424193','testTask','test3','测试',0,NULL,8005,'2019-03-22 16:48:51'),('1109014098424594434','1086176328410615809','testTask','test2','',0,NULL,7,'2019-03-22 16:49:00'),('1109014102031695873','1075657352257654785','testTask','test','参数',0,NULL,1002,'2019-03-22 16:49:00'),('1109014136815058946','1086176462716424193','testTask','test3','测试',0,NULL,9027,'2019-03-22 16:49:00'),('1109014141693034497','1086176328410615809','testTask','test2','',0,NULL,1,'2019-03-22 16:49:11'),('1109014144129925121','1075657352257654785','testTask','test','参数',0,NULL,1003,'2019-03-22 16:49:10'),('1109014176749027330','1086176462716424193','testTask','test3','测试',0,NULL,8005,'2019-03-22 16:49:11'),('1109014182281314305','1086176328410615809','testTask','test2','',0,NULL,1,'2019-03-22 16:49:20'),('1109014185896804353','1075657352257654785','testTask','test','参数',0,NULL,1003,'2019-03-22 16:49:20'),('1109014221003128833','1086176462716424193','testTask','test3','测试',0,NULL,9005,'2019-03-22 16:49:20'),('1109014224266297345','1086176328410615809','testTask','test2','',0,NULL,1,'2019-03-22 16:49:30'),('1109014227755958273','1075657352257654785','testTask','test','参数',0,NULL,1001,'2019-03-22 16:49:30'),('1109014262686121986','1086176462716424193','testTask','test3','测试',0,NULL,9005,'2019-03-22 16:49:30'),('1109014265974456321','1086176328410615809','testTask','test2','',0,NULL,1,'2019-03-22 16:49:40'),('1109014269703192577','1075657352257654785','testTask','test','参数',0,NULL,1002,'2019-03-22 16:49:40'),('1109014300380332034','1086176462716424193','testTask','test3','测试',0,NULL,8005,'2019-03-22 16:49:40'),('1109014308156571649','1086176328410615809','testTask','test2','',0,NULL,1,'2019-03-22 16:49:50'),('1109014311767867393','1075657352257654785','testTask','test','参数',0,NULL,1003,'2019-03-22 16:49:50'),('1109014346534453249','1086176462716424193','testTask','test3','测试',0,NULL,9006,'2019-03-22 16:49:50'),('1109014350636482561','1086176328410615809','testTask','test2','',0,NULL,16,'2019-03-22 16:50:00'),('1109014357661941761','1075657352257654785','testTask','test','参数',0,NULL,1911,'2019-03-22 16:50:00'),('1109014391715495938','1086176328410615809','testTask','test2','',0,NULL,0,'2019-03-22 16:50:10'),('1109014393175113729','1086176462716424193','testTask','test3','测试',0,NULL,10035,'2019-03-22 16:50:00'),('1109014395544895489','1075657352257654785','testTask','test','参数',0,NULL,1002,'2019-03-22 16:50:10'),('1109014425760661506','1086176462716424193','testTask','test3','测试',0,NULL,8005,'2019-03-22 16:50:10'),('1109014433952137217','1086176328410615809','testTask','test2','',0,NULL,1,'2019-03-22 16:50:20'),('1109014437534072833','1075657352257654785','testTask','test','参数',0,NULL,1000,'2019-03-22 16:50:20'),('1109014472229355521','1086176462716424193','testTask','test3','测试',0,NULL,9006,'2019-03-22 16:50:20'),('1109014475706433537','1086176328410615809','testTask','test2','',0,NULL,1,'2019-03-22 16:50:30'),('1109014479552610305','1075657352257654785','testTask','test','参数',0,NULL,1000,'2019-03-22 16:50:30'),('1109014514352750594','1086176462716424193','testTask','test3','测试',0,NULL,9005,'2019-03-22 16:50:30'),('1109014517649473537','1086176328410615809','testTask','test2','',0,NULL,1,'2019-03-22 16:50:40'),('1109014521432735745','1075657352257654785','testTask','test','参数',0,NULL,1002,'2019-03-22 16:50:40'),('1109014559831588865','1086176328410615809','testTask','test2','',0,NULL,1,'2019-03-22 16:50:50'),('1109014560112607233','1086176462716424193','testTask','test3','测试',0,NULL,10022,'2019-03-22 16:50:40'),('1109014563409330178','1075657352257654785','testTask','test','参数',0,NULL,1001,'2019-03-22 16:50:50'),('1109014585500729346','1086176462716424193','testTask','test3','测试',0,NULL,6003,'2019-03-22 16:50:50'),('1109014601543942145','1086176328410615809','testTask','test2','',0,NULL,0,'2019-03-22 16:51:00'),('1109014605272678401','1075657352257654785','testTask','test','参数',0,NULL,1001,'2019-03-22 16:51:00'),('1109014623002001409','1086176462716424193','testTask','test3','测试',0,NULL,5005,'2019-03-22 16:51:00'),('1109014643973521409','1086176328410615809','testTask','test2','',0,NULL,2,'2019-03-22 16:51:10'),('1109014647370907649','1075657352257654785','testTask','test','参数',0,NULL,1003,'2019-03-22 16:51:10'),('1109014678425534465','1086176462716424193','testTask','test3','测试',0,NULL,8015,'2019-03-22 16:51:10'),('1109014685492936706','1086176328410615809','testTask','test2','',0,NULL,1,'2019-03-22 16:51:20'),('1109014689167147009','1075657352257654785','testTask','test','参数',0,NULL,1002,'2019-03-22 16:51:20'),('1109014727670857730','1086176328410615809','testTask','test2','',0,NULL,2,'2019-03-22 16:51:30'),('1109014727876378626','1086176462716424193','testTask','test3','测试',0,NULL,10006,'2019-03-22 16:51:20'),('1109014731156324354','1075657352257654785','testTask','test','参数',0,NULL,1002,'2019-03-22 16:51:30'),('1109014770335318017','1086176462716424193','testTask','test3','测试',0,NULL,10007,'2019-03-22 16:51:30'),('1109014770633113602','1086176328410615809','testTask','test2','',0,NULL,1,'2019-03-22 16:51:40'),('1109014773237776385','1075657352257654785','testTask','test','参数',0,NULL,1002,'2019-03-22 16:51:40'),('1109014795849269249','1086176462716424193','testTask','test3','测试',0,NULL,5003,'2019-03-22 16:51:41'),('1109014813092052993','1086176328410615809','testTask','test2','',0,NULL,0,'2019-03-22 16:51:51'),('1109014815726075905','1075657352257654785','testTask','test','参数',0,NULL,1002,'2019-03-22 16:51:50'),('1109014853827133441','1086176328410615809','testTask','test2','',0,NULL,1,'2019-03-22 16:52:00'),('1109014857178382337','1075657352257654785','testTask','test','参数',0,NULL,1000,'2019-03-22 16:52:00'),('1109014857853665281','1086176462716424193','testTask','test3','测试',0,NULL,9007,'2019-03-22 16:51:52'),('1109014895866642433','1086176328410615809','testTask','test2','',0,NULL,0,'2019-03-22 16:52:10'),('1109014896948772865','1086176462716424193','testTask','test3','测试',0,NULL,10006,'2019-03-22 16:52:01'),('1109014898890735617','1075657352257654785','testTask','test','参数',0,NULL,1001,'2019-03-22 16:52:10'),('1109014934143860737','1086176462716424193','testTask','test3','测试',0,NULL,9006,'2019-03-22 16:52:10'),('1109014937251840002','1086176328410615809','testTask','test2','',0,NULL,1,'2019-03-22 16:52:20'),('1109014940879912961','1075657352257654785','testTask','test','参数',0,NULL,1001,'2019-03-22 16:52:20'),('1109014975696830465','1086176462716424193','testTask','test3','测试',0,NULL,9003,'2019-03-22 16:52:20'),('1109014980176347137','1086176328410615809','testTask','test2','',0,NULL,1,'2019-03-22 16:52:30'),('1109014983124942849','1075657352257654785','testTask','test','参数',0,NULL,1001,'2019-03-22 16:52:30'),('1109015014859046913','1086176462716424193','testTask','test3','测试',0,NULL,8003,'2019-03-22 16:52:31'),('1109015020907233282','1086176328410615809','testTask','test2','',0,NULL,0,'2019-03-22 16:52:40'),('1109015024682106881','1075657352257654785','testTask','test','参数',0,NULL,1002,'2019-03-22 16:52:40'),('1109015050883923970','1086176462716424193','testTask','test3','测试',0,NULL,7004,'2019-03-22 16:52:40'),('1109015063131291649','1086176328410615809','testTask','test2','',0,NULL,1,'2019-03-22 16:52:50'),('1109015066629341186','1075657352257654785','testTask','test','参数',0,NULL,1002,'2019-03-22 16:52:50'),('1109015101500784641','1086176462716424193','testTask','test3','测试',0,NULL,9004,'2019-03-22 16:52:50'),('1109015104889782273','1086176328410615809','testTask','test2','',0,NULL,0,'2019-03-22 16:53:00'),('1109015108614324226','1075657352257654785','testTask','test','参数',0,NULL,1001,'2019-03-22 16:53:00'),('1109015122900123650','1086176462716424193','testTask','test3','测试',0,NULL,4003,'2019-03-22 16:53:00'),('1109015146694410242','1086176328410615809','testTask','test2','',0,NULL,1,'2019-03-22 16:53:10'),('1109015150561558530','1075657352257654785','testTask','test','参数',0,NULL,1002,'2019-03-22 16:53:10'),('1109015180915736577','1086176462716424193','testTask','test3','测试',0,NULL,8005,'2019-03-22 16:53:10'),('1109015188926857217','1086176328410615809','testTask','test2','',0,NULL,0,'2019-03-22 16:53:20'),('1109015192466849794','1075657352257654785','testTask','test','参数',0,NULL,1001,'2019-03-22 16:53:20'),('1109015231289327617','1086176328410615809','testTask','test2','',0,NULL,1,'2019-03-22 16:53:30'),('1109015231398379522','1086176462716424193','testTask','test3','测试',0,NULL,10005,'2019-03-22 16:53:20'),('1109015234787377154','1075657352257654785','testTask','test','参数',0,NULL,1002,'2019-03-22 16:53:30'),('1109015269893701634','1086176462716424193','testTask','test3','测试',0,NULL,9006,'2019-03-22 16:53:31'),('1109015272502558722','1086176328410615809','testTask','test2','',0,NULL,0,'2019-03-22 16:53:40'),('1109015276310986754','1075657352257654785','testTask','test','参数',0,NULL,1001,'2019-03-22 16:53:40'),('1109015310863663105','1086176462716424193','testTask','test3','测试',0,NULL,9005,'2019-03-22 16:53:40'),('1109015314705645569','1086176328410615809','testTask','test2','',0,NULL,0,'2019-03-22 16:53:50'),('1109015318249832449','1075657352257654785','testTask','test','参数',0,NULL,1000,'2019-03-22 16:53:50'),('1109015357080698882','1086176328410615809','testTask','test2','',0,NULL,1,'2019-03-22 16:54:00'),('1109015357235888130','1086176462716424193','testTask','test3','测试',0,NULL,10005,'2019-03-22 16:53:50'),('1109015360532611074','1075657352257654785','testTask','test','参数',0,NULL,1002,'2019-03-22 16:54:00'),('1109015391482380289','1086176462716424193','testTask','test3','测试',0,NULL,8003,'2019-03-22 16:54:00'),('1109015398226821121','1086176328410615809','testTask','test2','',0,NULL,0,'2019-03-22 16:54:10'),('1109015402144301057','1075657352257654785','testTask','test','参数',0,NULL,1001,'2019-03-22 16:54:10'),('1109015436462096385','1086176462716424193','testTask','test3','测试',0,NULL,9005,'2019-03-22 16:54:10'),('1109015440501211137','1086176328410615809','testTask','test2','',0,NULL,0,'2019-03-22 16:54:20'),('1109015444087341058','1075657352257654785','testTask','test','参数',0,NULL,1001,'2019-03-22 16:54:20'),('1109015474768674817','1086176462716424193','testTask','test3','测试',0,NULL,8005,'2019-03-22 16:54:20'),('1109015482171621378','1086176328410615809','testTask','test2','',0,NULL,1,'2019-03-22 16:54:30'),('1109015486038769666','1075657352257654785','testTask','test','参数',0,NULL,1001,'2019-03-22 16:54:30'),('1109015512378998786','1086176462716424193','testTask','test3','测试',0,NULL,7003,'2019-03-22 16:54:30'),('1109015524211130370','1086176328410615809','testTask','test2','',0,NULL,1,'2019-03-22 16:54:40'),('1109015528040529922','1075657352257654785','testTask','test','参数',0,NULL,1002,'2019-03-22 16:54:40'),('1109015558428262401','1086176462716424193','testTask','test3','测试',0,NULL,8004,'2019-03-22 16:54:40'),('1109015566200307714','1086176328410615809','testTask','test2','',0,NULL,1,'2019-03-22 16:54:50'),('1109015569975181313','1075657352257654785','testTask','test','参数',0,NULL,1001,'2019-03-22 16:54:50'),('1109015591986888705','1086176462716424193','testTask','test3','测试',0,NULL,6004,'2019-03-22 16:54:50'),('1109015608940265474','1086176328410615809','testTask','test2','',0,NULL,0,'2019-03-22 16:55:00'),('1109015612018884610','1075657352257654785','testTask','test','参数',0,NULL,1001,'2019-03-22 16:55:00'),('1109015635054002178','1086176462716424193','testTask','test3','测试',0,NULL,6005,'2019-03-22 16:55:01'),('1109015650187051009','1086176328410615809','testTask','test2','',0,NULL,0,'2019-03-22 16:55:10'),('1109015653957730305','1075657352257654785','testTask','test','参数',0,NULL,1000,'2019-03-22 16:55:10'),('1109015684647452674','1086176462716424193','testTask','test3','测试',0,NULL,8004,'2019-03-22 16:55:10'),('1109015692637601793','1086176328410615809','testTask','test2','',0,NULL,0,'2019-03-22 16:55:20'),('1109015695812689921','1075657352257654785','testTask','test','参数',0,NULL,1000,'2019-03-22 16:55:20'),('1109015714414428162','1086176462716424193','testTask','test3','测试',0,NULL,5004,'2019-03-22 16:55:20'),('1109015734077325313','1086176328410615809','testTask','test2','',0,NULL,1,'2019-03-22 16:55:30'),('1109015737755729922','1075657352257654785','testTask','test','参数',0,NULL,1001,'2019-03-22 16:55:30'),('1109015768877465601','1086176462716424193','testTask','test3','测试',0,NULL,8006,'2019-03-22 16:55:30'),('1109015776930529281','1086176328410615809','testTask','test2','',0,NULL,0,'2019-03-22 16:55:40'),('1109015779862347777','1075657352257654785','testTask','test','参数',0,NULL,1000,'2019-03-22 16:55:40'),('1109015794353668098','1086176462716424193','testTask','test3','测试',0,NULL,4004,'2019-03-22 16:55:41'),('1109015817829187586','1086176328410615809','testTask','test2','',0,NULL,0,'2019-03-22 16:55:50'),('1109015821616644097','1075657352257654785','testTask','test','参数',0,NULL,1000,'2019-03-22 16:55:50'),('1109015856165126146','1086176462716424193','testTask','test3','测试',0,NULL,9003,'2019-03-22 16:55:50'),('1109015860145520641','1086176328410615809','testTask','test2','',0,NULL,0,'2019-03-22 16:56:00'),('1109015863597432833','1075657352257654785','testTask','test','参数',0,NULL,1002,'2019-03-22 16:56:00'),('1109015881922347009','1086176462716424193','testTask','test3','测试',0,NULL,5004,'2019-03-22 16:56:00'),('1109015902185029633','1086176328410615809','testTask','test2','',0,NULL,1,'2019-03-22 16:56:10'),('1109015905540472834','1075657352257654785','testTask','test','参数',0,NULL,1002,'2019-03-22 16:56:10'),('1109015935378751490','1086176462716424193','testTask','test3','测试',0,NULL,7004,'2019-03-22 16:56:11'),('1109015943721222146','1086176328410615809','testTask','test2','',0,NULL,1,'2019-03-22 16:56:20'),('1109015947496095745','1075657352257654785','testTask','test','参数',0,NULL,1002,'2019-03-22 16:56:20'),('1109015977938354177','1086176462716424193','testTask','test3','测试',0,NULL,8006,'2019-03-22 16:56:20'),('1109015985752342530','1086176328410615809','testTask','test2','',0,NULL,1,'2019-03-22 16:56:30'),('1109015989619490817','1075657352257654785','testTask','test','参数',0,NULL,1001,'2019-03-22 16:56:30'),('1109016027460501505','1086176328410615809','testTask','test2','',0,NULL,0,'2019-03-22 16:56:40'),('1109016028412608514','1086176462716424193','testTask','test3','测试',0,NULL,10005,'2019-03-22 16:56:30'),('1109016031331844098','1075657352257654785','testTask','test','参数',0,NULL,1002,'2019-03-22 16:56:40'),('1109016069927829505','1086176328410615809','testTask','test2','',0,NULL,1,'2019-03-22 16:56:50'),('1109016070447923202','1086176462716424193','testTask','test3','测试',0,NULL,10005,'2019-03-22 16:56:40'),('1109016073367158785','1075657352257654785','testTask','test','参数',0,NULL,1001,'2019-03-22 16:56:50'),('1109016109257818113','1086176462716424193','testTask','test3','测试',0,NULL,9006,'2019-03-22 16:56:51'),('1109016111631794178','1086176328410615809','testTask','test2','',0,NULL,0,'2019-03-22 16:57:00'),('1109016115222118401','1075657352257654785','testTask','test','参数',0,NULL,1002,'2019-03-22 16:57:00'),('1109016133228265474','1086176462716424193','testTask','test3','测试',0,NULL,5005,'2019-03-22 16:57:00'),('1109016153394479106','1086176328410615809','testTask','test2','',0,NULL,1,'2019-03-22 16:57:10'),('1109016157270016002','1075657352257654785','testTask','test','参数',0,NULL,1003,'2019-03-22 16:57:10'),('1109016187804549121','1086176462716424193','testTask','test3','测试',0,NULL,8005,'2019-03-22 16:57:10'),('1109016195203301378','1086176328410615809','testTask','test2','',0,NULL,1,'2019-03-22 16:57:20'),('1109016199066255361','1075657352257654785','testTask','test','参数',0,NULL,1001,'2019-03-22 16:57:20'),('1109016237712572418','1086176328410615809','testTask','test2','',0,NULL,0,'2019-03-22 16:57:30'),('1109016237762904065','1086176462716424193','testTask','test3','测试',0,NULL,10005,'2019-03-22 16:57:20'),('1109016241298702337','1075657352257654785','testTask','test','参数',0,NULL,1001,'2019-03-22 16:57:30'),('1109016279093575681','1086176328410615809','testTask','test2','',0,NULL,0,'2019-03-22 16:57:40'),('1109016280272175105','1086176462716424193','testTask','test3','测试',0,NULL,10004,'2019-03-22 16:57:30'),('1109016282973306882','1075657352257654785','testTask','test','参数',0,NULL,1002,'2019-03-22 16:57:40'),('1109016317463068674','1086176462716424193','testTask','test3','测试',0,NULL,9005,'2019-03-22 16:57:40'),('1109016321003061250','1086176328410615809','testTask','test2','',0,NULL,1,'2019-03-22 16:57:50'),('1109016324866015234','1075657352257654785','testTask','test','参数',0,NULL,1001,'2019-03-22 16:57:50'),('1109016350853922817','1086176462716424193','testTask','test3','测试',0,NULL,7005,'2019-03-22 16:57:50'),('1109016363365531649','1086176328410615809','testTask','test2','',0,NULL,2,'2019-03-22 16:58:00'),('1109016366989410305','1075657352257654785','testTask','test','参数',0,NULL,1002,'2019-03-22 16:58:00'),('1109016404931084290','1086176328410615809','testTask','test2','',0,NULL,0,'2019-03-22 16:58:10'),('1109016406029991937','1086176462716424193','testTask','test3','测试',0,NULL,10007,'2019-03-22 16:58:00'),('1109016408798232577','1075657352257654785','testTask','test','参数',0,NULL,1000,'2019-03-22 16:58:10'),('1109016439060135938','1086176462716424193','testTask','test3','测试',0,NULL,8004,'2019-03-22 16:58:10'),('1109016447297748994','1086176328410615809','testTask','test2','',0,NULL,1,'2019-03-22 16:58:20'),('1109016450791604226','1075657352257654785','testTask','test','参数',0,NULL,1001,'2019-03-22 16:58:20'),('1109016481422606337','1086176462716424193','testTask','test3','测试',0,NULL,8004,'2019-03-22 16:58:20'),('1109016488880078850','1086176328410615809','testTask','test2','',0,NULL,0,'2019-03-22 16:58:30'),('1109016492696895489','1075657352257654785','testTask','test','参数',0,NULL,1002,'2019-03-22 16:58:30'),('1109016510690459649','1086176462716424193','testTask','test3','测试',0,NULL,5003,'2019-03-22 16:58:30'),('1109016530923782145','1086176328410615809','testTask','test2','',0,NULL,1,'2019-03-22 16:58:40'),('1109016534686072833','1075657352257654785','testTask','test','参数',0,NULL,1000,'2019-03-22 16:58:40'),('1109016564956364802','1086176462716424193','testTask','test3','测试',0,NULL,8006,'2019-03-22 16:58:40'),('1109016572996845570','1086176328410615809','testTask','test2','',0,NULL,1,'2019-03-22 16:58:50'),('1109016576645890049','1075657352257654785','testTask','test','参数',0,NULL,1002,'2019-03-22 16:58:50'),('1109016594488459265','1086176462716424193','testTask','test3','测试',0,NULL,5004,'2019-03-22 16:58:50'),('1109016615128629250','1086176328410615809','testTask','test2','',0,NULL,0,'2019-03-22 16:59:00'),('1109016618576347138','1075657352257654785','testTask','test','参数',0,NULL,1001,'2019-03-22 16:59:00'),('1109016656652238850','1086176328410615809','testTask','test2','',0,NULL,0,'2019-03-22 16:59:10'),('1109016657931501569','1086176462716424193','testTask','test3','测试',0,NULL,10007,'2019-03-22 16:59:00'),('1109016660469055489','1075657352257654785','testTask','test','参数',0,NULL,1001,'2019-03-22 16:59:10'),('1109016698830159873','1086176328410615809','testTask','test2','',0,NULL,1,'2019-03-22 16:59:20'),('1109016699270561793','1086176462716424193','testTask','test3','测试',0,NULL,10005,'2019-03-22 16:59:10'),('1109016702424678401','1075657352257654785','testTask','test','参数',0,NULL,1002,'2019-03-22 16:59:20'),('1109016728777490434','1086176462716424193','testTask','test3','测试',0,NULL,7005,'2019-03-22 16:59:20'),('1109016740643176450','1086176328410615809','testTask','test2','',0,NULL,1,'2019-03-22 16:59:30'),('1109016744409661442','1075657352257654785','testTask','test','参数',0,NULL,1002,'2019-03-22 16:59:30'),('1109016779520180225','1086176462716424193','testTask','test3','测试',0,NULL,9005,'2019-03-22 16:59:30'),('1109016782393278466','1086176328410615809','testTask','test2','',0,NULL,1,'2019-03-22 16:59:40'),('1109016786268815362','1075657352257654785','testTask','test','参数',0,NULL,1002,'2019-03-22 16:59:40'),('1109016820817297410','1086176462716424193','testTask','test3','测试',0,NULL,9006,'2019-03-22 16:59:40'),('1109016824621531137','1086176328410615809','testTask','test2','',0,NULL,1,'2019-03-22 16:59:50'),('1109016828488679426','1075657352257654785','testTask','test','参数',0,NULL,1001,'2019-03-22 16:59:50'),('1109016854468198402','1086176462716424193','testTask','test3','测试',0,NULL,7005,'2019-03-22 16:59:50'),('1109016866765897730','1086176328410615809','testTask','test2','',0,NULL,3,'2019-03-22 17:00:00'),('1109016870251364353','1075657352257654785','testTask','test','参数',0,NULL,1001,'2019-03-22 17:00:00'),('1109016896964886530','1086176462716424193','testTask','test3','测试',0,NULL,7004,'2019-03-22 17:00:00'),('1109016908281118722','1086176328410615809','testTask','test2','',0,NULL,1,'2019-03-22 17:00:10'),('1109016912152461314','1075657352257654785','testTask','test','参数',0,NULL,1001,'2019-03-22 17:00:10'),('1109016946457673729','1086176462716424193','testTask','test3','测试',0,NULL,9004,'2019-03-22 17:00:10'),('1109016950509371394','1086176328410615809','testTask','test2','',0,NULL,1,'2019-03-22 17:00:20'),('1109016954372325378','1075657352257654785','testTask','test','参数',0,NULL,1001,'2019-03-22 17:00:20'),('1109016984621645825','1086176462716424193','testTask','test3','测试',0,NULL,8010,'2019-03-22 17:00:20'),('1109016992494354433','1086176328410615809','testTask','test2','',0,NULL,0,'2019-03-22 17:00:30'),('1109016996038541313','1075657352257654785','testTask','test','参数',0,NULL,1000,'2019-03-22 17:00:30'),('1109017031010648065','1086176462716424193','testTask','test3','测试',0,NULL,9004,'2019-03-22 17:00:30'),('1109017034068295681','1086176328410615809','testTask','test2','',0,NULL,1,'2019-03-22 17:00:40'),('1109017037935443969','1075657352257654785','testTask','test','参数',0,NULL,1001,'2019-03-22 17:00:40'),('1109017072303570945','1086176462716424193','testTask','test3','测试',0,NULL,9005,'2019-03-22 17:00:40'),('1109017076309131266','1086176328410615809','testTask','test2','',0,NULL,1,'2019-03-22 17:00:50'),('1109017079903649793','1075657352257654785','testTask','test','参数',0,NULL,1002,'2019-03-22 17:00:50'),('1109017106466177025','1086176462716424193','testTask','test3','测试',0,NULL,7012,'2019-03-22 17:00:50'),('1109017118117953538','1086176328410615809','testTask','test2','',0,NULL,1,'2019-03-22 17:01:00'),('1109017121964130306','1075657352257654785','testTask','test','参数',0,NULL,1004,'2019-03-22 17:01:00'),('1109017161344450562','1086176328410615809','testTask','test2','',0,NULL,18,'2019-03-22 17:01:10'),('1109017161453502465','1086176462716424193','testTask','test3','测试',0,NULL,10006,'2019-03-22 17:01:00'),('1109017167774318594','1075657352257654785','testTask','test','参数',0,NULL,1622,'2019-03-22 17:01:10'),('1109017199609085954','1086176462716424193','testTask','test3','测试',0,NULL,9018,'2019-03-22 17:01:11'),('1109017202008227842','1086176328410615809','testTask','test2','',0,NULL,1,'2019-03-22 17:01:20'),('1109017205724381186','1075657352257654785','testTask','test','参数',0,NULL,1001,'2019-03-22 17:01:20'),('1109017244341338114','1086176462716424193','testTask','test3','测试',0,NULL,10007,'2019-03-22 17:01:20'),('1109017245104701441','1086176328410615809','testTask','test2','',0,NULL,1,'2019-03-22 17:01:30'),('1109017248414007298','1075657352257654785','testTask','test','参数',0,NULL,1000,'2019-03-22 17:01:30'),('1109017285843976193','1086176328410615809','testTask','test2','',0,NULL,1,'2019-03-22 17:01:40'),('1109017287827881985','1086176462716424193','testTask','test3','测试',0,NULL,10008,'2019-03-22 17:01:31'),('1109017289660792834','1075657352257654785','testTask','test','参数',0,NULL,1000,'2019-03-22 17:01:40'),('1109017324121194498','1086176462716424193','testTask','test3','测试',0,NULL,9006,'2019-03-22 17:01:40'),('1109017328953032705','1086176328410615809','testTask','test2','',0,NULL,1,'2019-03-22 17:01:50'),('1109017331800965121','1075657352257654785','testTask','test','参数',0,NULL,1001,'2019-03-22 17:01:50'),('1109017363505709058','1086176462716424193','testTask','test3','测试',0,NULL,8005,'2019-03-22 17:01:51'),('1109017369734250498','1086176328410615809','testTask','test2','',0,NULL,1,'2019-03-22 17:02:00'),('1109017373504929794','1075657352257654785','testTask','test','参数',0,NULL,1000,'2019-03-22 17:02:00'),('1109017408007274497','1086176462716424193','testTask','test3','测试',0,NULL,9005,'2019-03-22 17:02:00'),('1109017411958308865','1086176328410615809','testTask','test2','',0,NULL,1,'2019-03-22 17:02:10'),('1109017415452164098','1075657352257654785','testTask','test','参数',0,NULL,1001,'2019-03-22 17:02:10'),('1109017437971382273','1086176462716424193','testTask','test3','测试',0,NULL,6004,'2019-03-22 17:02:10'),('1109017453620330498','1086176328410615809','testTask','test2','',0,NULL,1,'2019-03-22 17:02:20'),('1109017457391009793','1075657352257654785','testTask','test','参数',0,NULL,1000,'2019-03-22 17:02:20'),('1109017483882233858','1086176462716424193','testTask','test3','测试',0,NULL,7004,'2019-03-22 17:02:20'),('1109017495475290114','1086176328410615809','testTask','test2','',0,NULL,1,'2019-03-22 17:02:30'),('1109017499346632705','1075657352257654785','testTask','test','参数',0,NULL,1001,'2019-03-22 17:02:30'),('1109017525472952322','1086176462716424193','testTask','test3','测试',0,NULL,7014,'2019-03-22 17:02:30'),('1109017537422524417','1086176328410615809','testTask','test2','',0,NULL,0,'2019-03-22 17:02:40'),('1109017541293867010','1075657352257654785','testTask','test','参数',0,NULL,1001,'2019-03-22 17:02:40'),('1109017575783628801','1086176462716424193','testTask','test3','测试',0,NULL,9004,'2019-03-22 17:02:40'),('1109017579889852417','1086176328410615809','testTask','test2','',0,NULL,1,'2019-03-22 17:02:50'),('1109017583257878530','1075657352257654785','testTask','test','参数',0,NULL,1004,'2019-03-22 17:02:50'),('1109017610202087426','1086176462716424193','testTask','test3','测试',0,NULL,7008,'2019-03-22 17:02:50'),('1109017621400879105','1086176328410615809','testTask','test2','',0,NULL,1,'2019-03-22 17:03:00'),('1109017625230278658','1075657352257654785','testTask','test','参数',0,NULL,1001,'2019-03-22 17:03:00'),('1109017655869669378','1086176462716424193','testTask','test3','测试',0,NULL,8028,'2019-03-22 17:03:00'),('1109017664874840065','1086176328410615809','testTask','test2','',0,NULL,7,'2019-03-22 17:03:11'),('1109017668226088962','1075657352257654785','testTask','test','参数',0,NULL,1007,'2019-03-22 17:03:10'),('1109017690619478018','1086176462716424193','testTask','test3','测试',0,NULL,6004,'2019-03-22 17:03:11'),('1109017705203073026','1086176328410615809','testTask','test2','',0,NULL,1,'2019-03-22 17:03:20'),('1109017709074415618','1075657352257654785','testTask','test','参数',0,NULL,1000,'2019-03-22 17:03:20'),('1109017747586514945','1086176462716424193','testTask','test3','测试',0,NULL,10005,'2019-03-22 17:03:20'),('1109017747968196610','1086176328410615809','testTask','test2','',0,NULL,1,'2019-03-22 17:03:30'),('1109017751390748673','1075657352257654785','testTask','test','参数',0,NULL,1001,'2019-03-22 17:03:30'),('1109017789303062529','1086176328410615809','testTask','test2','',0,NULL,1,'2019-03-22 17:03:40'),('1109017790519410690','1086176462716424193','testTask','test3','测试',0,NULL,10007,'2019-03-22 17:03:30'),('1109017793065353218','1075657352257654785','testTask','test','参数',0,NULL,1007,'2019-03-22 17:03:40'),('1109017810975031297','1086176462716424193','testTask','test3','测试',0,NULL,5028,'2019-03-22 17:03:40'),('1109017831598424066','1086176328410615809','testTask','test2','',0,NULL,0,'2019-03-22 17:03:50'),('1109017835046141953','1075657352257654785','testTask','test','参数',0,NULL,1001,'2019-03-22 17:03:50'),('1109017873365303297','1086176328410615809','testTask','test2','',0,NULL,0,'2019-03-22 17:04:00'),('1109017874036391938','1086176462716424193','testTask','test3','测试',0,NULL,10007,'2019-03-22 17:03:50'),('1109017876863352833','1075657352257654785','testTask','test','参数',0,NULL,1001,'2019-03-22 17:04:00'),('1109017914842775553','1086176328410615809','testTask','test2','',0,NULL,1,'2019-03-22 17:04:10'),('1109017916403056641','1086176462716424193','testTask','test3','测试',0,NULL,10006,'2019-03-22 17:04:00'),('1109017918756061185','1075657352257654785','testTask','test','参数',0,NULL,1002,'2019-03-22 17:04:10'),('1109017957154914306','1086176328410615809','testTask','test2','',0,NULL,1,'2019-03-22 17:04:20'),('1109017957268160514','1086176462716424193','testTask','test3','测试',0,NULL,10005,'2019-03-22 17:04:10'),('1109017961034645505','1075657352257654785','testTask','test','参数',0,NULL,1002,'2019-03-22 17:04:20'),('1109017995423744002','1086176462716424193','testTask','test3','测试',0,NULL,9005,'2019-03-22 17:04:20'),('1109017999429304321','1086176328410615809','testTask','test2','',0,NULL,1,'2019-03-22 17:04:30'),('1109018002788941826','1075657352257654785','testTask','test','参数',0,NULL,1001,'2019-03-22 17:04:30'),('1109018040818696194','1086176328410615809','testTask','test2','',0,NULL,1,'2019-03-22 17:04:40'),('1109018042550943746','1086176462716424193','testTask','test3','测试',0,NULL,10004,'2019-03-22 17:04:31'),('1109018044660678657','1075657352257654785','testTask','test','参数',0,NULL,1000,'2019-03-22 17:04:40'),('1109018079100108801','1086176462716424193','testTask','test3','测试',0,NULL,9005,'2019-03-22 17:04:40'),('1109018083416047618','1086176328410615809','testTask','test2','',0,NULL,0,'2019-03-22 17:04:50'),('1109018086532415489','1075657352257654785','testTask','test','参数',0,NULL,1001,'2019-03-22 17:04:50'),('1109018121697460225','1086176462716424193','testTask','test3','测试',0,NULL,9006,'2019-03-22 17:04:50'),('1109018124989988866','1086176328410615809','testTask','test2','',0,NULL,1,'2019-03-22 17:05:00'),('1109018128483844097','1075657352257654785','testTask','test','参数',0,NULL,1001,'2019-03-22 17:05:00'),('1109018155256086530','1086176462716424193','testTask','test3','测试',0,NULL,7006,'2019-03-22 17:05:00'),('1109018166748479489','1086176328410615809','testTask','test2','',0,NULL,1,'2019-03-22 17:05:10'),('1109018170435272705','1075657352257654785','testTask','test','参数',0,NULL,1001,'2019-03-22 17:05:10'),('1109018196729364482','1086176462716424193','testTask','test3','测试',0,NULL,7005,'2019-03-22 17:05:10'),('1109018209022869505','1086176328410615809','testTask','test2','',0,NULL,0,'2019-03-22 17:05:20'),('1109018212785160194','1075657352257654785','testTask','test','参数',0,NULL,1001,'2019-03-22 17:05:20'),('1109018230560620546','1086176462716424193','testTask','test3','测试',0,NULL,5003,'2019-03-22 17:05:20'),('1109018250697474049','1086176328410615809','testTask','test2','',0,NULL,0,'2019-03-22 17:05:30'),('1109018254342324226','1075657352257654785','testTask','test','参数',0,NULL,1002,'2019-03-22 17:05:30'),('1109018289574477826','1086176462716424193','testTask','test3','测试',0,NULL,9005,'2019-03-22 17:05:30'),('1109018292674068481','1086176328410615809','testTask','test2','',0,NULL,0,'2019-03-22 17:05:40'),('1109018296230838274','1075657352257654785','testTask','test','参数',0,NULL,1001,'2019-03-22 17:05:40'),('1109018318376763393','1086176462716424193','testTask','test3','测试',0,NULL,6004,'2019-03-22 17:05:40'),('1109018335183339521','1086176328410615809','testTask','test2','',0,NULL,1,'2019-03-22 17:05:50'),('1109018339054682113','1075657352257654785','testTask','test','参数',0,NULL,1002,'2019-03-22 17:05:50'),('1109018360789565442','1086176462716424193','testTask','test3','测试',0,NULL,6005,'2019-03-22 17:05:50'),('1109018376480456706','1086176328410615809','testTask','test2','',0,NULL,1,'2019-03-22 17:06:00'),('1109018380163055617','1075657352257654785','testTask','test','参数',0,NULL,1002,'2019-03-22 17:06:00'),('1109018418968756225','1086176462716424193','testTask','test3','测试',0,NULL,10007,'2019-03-22 17:06:00'),('1109018419031670785','1086176328410615809','testTask','test2','',0,NULL,1,'2019-03-22 17:06:10'),('1109018422303227905','1075657352257654785','testTask','test','参数',0,NULL,1002,'2019-03-22 17:06:10'),('1109018453387214849','1086176462716424193','testTask','test3','测试',0,NULL,8004,'2019-03-22 17:06:11'),('1109018460454617089','1086176328410615809','testTask','test2','',0,NULL,1,'2019-03-22 17:06:20'),('1109018464099467265','1075657352257654785','testTask','test','参数',0,NULL,1002,'2019-03-22 17:06:20'),('1109018494499782658','1086176462716424193','testTask','test3','测试',0,NULL,8004,'2019-03-22 17:06:20'),('1109018502649315329','1086176328410615809','testTask','test2','',0,NULL,1,'2019-03-22 17:06:30'),('1109018506046701569','1075657352257654785','testTask','test','参数',0,NULL,1001,'2019-03-22 17:06:30'),('1109018515844595713','1086176462716424193','testTask','test3','测试',0,NULL,3003,'2019-03-22 17:06:30'),('1109018544403611650','1086176328410615809','testTask','test2','',0,NULL,1,'2019-03-22 17:06:40'),('1109018547897466882','1075657352257654785','testTask','test','参数',0,NULL,1000,'2019-03-22 17:06:40'),('1109018582911516673','1086176462716424193','testTask','test3','测试',0,NULL,9005,'2019-03-22 17:06:40'),('1109018587185512450','1086176328410615809','testTask','test2','',0,NULL,0,'2019-03-22 17:06:50'),('1109018590004084737','1075657352257654785','testTask','test','参数',0,NULL,1000,'2019-03-22 17:06:50'),('1109018628671373314','1086176328410615809','testTask','test2','',0,NULL,1,'2019-03-22 17:07:00'),('1109018630101630977','1086176462716424193','testTask','test3','测试',0,NULL,10032,'2019-03-22 17:06:51'),('1109018632504967169','1075657352257654785','testTask','test','参数',0,NULL,1001,'2019-03-22 17:07:00'),('1109018650183958530','1086176462716424193','testTask','test3','测试',0,NULL,5003,'2019-03-22 17:07:00'),('1109018670144651265','1086176328410615809','testTask','test2','',0,NULL,1,'2019-03-22 17:07:10'),('1109018673785307138','1075657352257654785','testTask','test','参数',0,NULL,1001,'2019-03-22 17:07:10'),('1109018711764729857','1086176328410615809','testTask','test2','',0,NULL,1,'2019-03-22 17:07:20'),('1109018713266290689','1086176462716424193','testTask','test3','测试',0,NULL,10004,'2019-03-22 17:07:10'),('1109018715682209793','1075657352257654785','testTask','test','参数',0,NULL,1001,'2019-03-22 17:07:20'),('1109018746225131522','1086176462716424193','testTask','test3','测试',0,NULL,8006,'2019-03-22 17:07:20'),('1109018754877980673','1086176328410615809','testTask','test2','',0,NULL,1,'2019-03-22 17:07:30'),('1109018758787072001','1075657352257654785','testTask','test','参数',0,NULL,1001,'2019-03-22 17:07:30'),('1109018788872814594','1086176462716424193','testTask','test3','测试',0,NULL,8004,'2019-03-22 17:07:30'),('1109018795705335809','1086176328410615809','testTask','test2','',0,NULL,1,'2019-03-22 17:07:40'),('1109018799572484098','1075657352257654785','testTask','test','参数',0,NULL,1001,'2019-03-22 17:07:40'),('1109018821848432641','1086176462716424193','testTask','test3','测试',0,NULL,6004,'2019-03-22 17:07:40'),('1109018838629842945','1086176328410615809','testTask','test2','',0,NULL,1,'2019-03-22 17:07:50'),('1109018841708462082','1075657352257654785','testTask','test','参数',0,NULL,1002,'2019-03-22 17:07:50'),('1109018872704368642','1086176462716424193','testTask','test3','测试',0,NULL,8003,'2019-03-22 17:07:50'),('1109018879696273410','1086176328410615809','testTask','test2','',0,NULL,1,'2019-03-22 17:08:00'),('1109018883471147010','1075657352257654785','testTask','test','参数',0,NULL,1002,'2019-03-22 17:08:00'),('1109018901523431426','1086176462716424193','testTask','test3','测试',0,NULL,5004,'2019-03-22 17:08:00'),('1109018922197155842','1086176328410615809','testTask','test2','',0,NULL,1,'2019-03-22 17:08:10'),('1109018925464518657','1075657352257654785','testTask','test','参数',0,NULL,1002,'2019-03-22 17:08:10'),('1109018947845324801','1086176462716424193','testTask','test3','测试',0,NULL,6004,'2019-03-22 17:08:10'),('1109018963532021762','1086176328410615809','testTask','test2','',0,NULL,1,'2019-03-22 17:08:20'),('1109018967357227010','1075657352257654785','testTask','test','参数',0,NULL,1001,'2019-03-22 17:08:20'),('1109018994066554882','1086176462716424193','testTask','test3','测试',0,NULL,7003,'2019-03-22 17:08:20'),('1109019005898686465','1086176328410615809','testTask','test2','',0,NULL,0,'2019-03-22 17:08:30'),('1109019009631617025','1075657352257654785','testTask','test','参数',0,NULL,1001,'2019-03-22 17:08:30'),('1109019047887863810','1086176328410615809','testTask','test2','',0,NULL,1,'2019-03-22 17:08:40'),('1109019048391180290','1086176462716424193','testTask','test3','测试',0,NULL,10009,'2019-03-22 17:08:30'),('1109019051528519682','1075657352257654785','testTask','test','参数',0,NULL,1001,'2019-03-22 17:08:40'),('1109019077927469057','1086176462716424193','testTask','test3','测试',0,NULL,7005,'2019-03-22 17:08:40'),('1109019089520525314','1086176328410615809','testTask','test2','',0,NULL,0,'2019-03-22 17:08:50'),('1109019093194735618','1075657352257654785','testTask','test','参数',0,NULL,1001,'2019-03-22 17:08:50'),('1109019131409039362','1086176328410615809','testTask','test2','',0,NULL,1,'2019-03-22 17:09:00'),('1109019132738633729','1086176462716424193','testTask','test3','测试',0,NULL,10019,'2019-03-22 17:08:50'),('1109019135242633218','1075657352257654785','testTask','test','参数',0,NULL,1000,'2019-03-22 17:09:00'),('1109019170114076674','1086176462716424193','testTask','test3','测试',0,NULL,9005,'2019-03-22 17:09:00'),('1109019173318524930','1086176328410615809','testTask','test2','',0,NULL,1,'2019-03-22 17:09:10'),('1109019177089204226','1075657352257654785','testTask','test','参数',0,NULL,1001,'2019-03-22 17:09:10'),('1109019216096231425','1086176328410615809','testTask','test2','',0,NULL,0,'2019-03-22 17:09:20'),('1109019216402415617','1086176462716424193','testTask','test3','测试',0,NULL,10006,'2019-03-22 17:09:10'),('1109019219128713217','1075657352257654785','testTask','test','参数',0,NULL,1002,'2019-03-22 17:09:20'),('1109019246223917057','1086176462716424193','testTask','test3','测试',0,NULL,7006,'2019-03-22 17:09:21'),('1109019257204604930','1086176328410615809','testTask','test2','',0,NULL,1,'2019-03-22 17:09:30'),('1109019260933341185','1075657352257654785','testTask','test','参数',0,NULL,1001,'2019-03-22 17:09:30'),('1109019287504257025','1086176462716424193','testTask','test3','测试',0,NULL,7004,'2019-03-22 17:09:30'),('1109019299520937985','1086176328410615809','testTask','test2','',0,NULL,0,'2019-03-22 17:09:40'),('1109019302918324226','1075657352257654785','testTask','test','参数',0,NULL,1000,'2019-03-22 17:09:40'),('1109019341275234305','1086176328410615809','testTask','test2','',0,NULL,0,'2019-03-22 17:09:50'),('1109019342323810306','1086176462716424193','testTask','test3','测试',0,NULL,10005,'2019-03-22 17:09:40'),('1109019344869752834','1075657352257654785','testTask','test','参数',0,NULL,1001,'2019-03-22 17:09:50'),('1109019382949838849','1086176328410615809','testTask','test2','',0,NULL,0,'2019-03-22 17:10:00'),('1109019385009242114','1086176462716424193','testTask','test3','测试',0,NULL,10005,'2019-03-22 17:09:51'),('1109019386821181442','1075657352257654785','testTask','test','参数',0,NULL,1001,'2019-03-22 17:10:00');

/*Table structure for table `t_sys_dic` */

DROP TABLE IF EXISTS `t_sys_dic`;

CREATE TABLE `t_sys_dic` (
  `id` varchar(32) NOT NULL COMMENT '主键ID',
  `parent_id` varchar(32) NOT NULL COMMENT '父变量ID',
  `var_code` varchar(255) DEFAULT NULL COMMENT '变量代码',
  `var_name` varchar(255) DEFAULT NULL COMMENT '变量名称',
  `create_time` datetime DEFAULT NULL COMMENT '记录创建时间',
  `update_time` datetime DEFAULT NULL COMMENT '记录修改时间',
  `create_user` varchar(255) DEFAULT NULL COMMENT '记录创建者（用户）',
  `update_user` varchar(255) DEFAULT NULL COMMENT '记录最后修改者（用户）',
  `is_sync` tinyint(4) DEFAULT NULL COMMENT '数据是否同步(0:是,1:否)',
  PRIMARY KEY (`id`),
  KEY `index_dic_code` (`var_code`) USING BTREE,
  KEY `index_dic_name` (`var_name`) USING BTREE
) ENGINE=InnoDB DEFAULT CHARSET=utf8 COMMENT='数据字典表';

/*Data for the table `t_sys_dic` */

insert  into `t_sys_dic`(`id`,`parent_id`,`var_code`,`var_name`,`create_time`,`update_time`,`create_user`,`update_user`,`is_sync`) values ('103','9','2018103','油气运输管道','2018-05-07 10:10:10','2018-05-07 10:10:10','admin','admin',NULL),('104','9','2018104','校园(含校车)','2018-05-07 10:10:10','2018-05-07 10:10:10','admin','admin',NULL),('105','9','2018105','医疗卫生','2018-05-07 10:10:10','2018-05-07 10:10:10','admin','admin',NULL),('106','9','2018106','文体广电','2018-05-07 10:10:10','2018-05-07 10:10:10','admin','admin',NULL),('107','9','2018107','旅游','2018-05-07 10:10:10','2018-05-07 10:10:10','admin','admin',NULL),('108','9','2018108','商贸(含成品油)','2018-05-07 10:10:10','2018-05-07 10:10:10','admin','admin',NULL),('109','9','2018109','国土(含地质灾害)','2018-05-07 10:10:10','2018-05-07 10:10:10','admin','admin',NULL),('110','9','2018110','老旧危房(含社区物业)','2018-05-07 10:10:10','2018-05-07 10:10:10','admin','admin',NULL),('111','9','2018111','水利','2018-05-07 10:10:10','2018-05-07 10:10:10','admin','admin',NULL),('112','9','2018112','快递邮递','2018-05-07 10:10:10','2018-05-07 10:10:10','admin','admin',NULL),('113','9','2018113','民政、社会福利事业','2018-05-07 10:10:10','2018-05-07 10:10:10','admin','admin',NULL),('114','9','2018114','渔业','2018-05-07 10:10:10','2018-05-07 10:10:10','admin','admin',NULL),('16','0','20184049','区域','2018-05-07 20:28:52','2018-05-07 20:28:54','admin','admin',NULL),('201','86','0101','生产使用','2018-05-09 10:46:32','2018-05-09 10:46:32','admin','admin',NULL),('203','86','0102','经营存储','2018-05-09 10:47:20','2018-05-09 10:47:20','admin','admin',NULL),('205','86','0103','烟花爆竹','2018-05-09 10:48:01','2018-05-09 10:48:01','admin','admin',NULL),('207','86','0104','油库储存','2018-05-09 10:48:25','2018-05-09 10:48:25','admin','admin',NULL),('209','85','0201','露天矿山','2018-05-09 10:48:51','2018-05-09 10:48:51','admin','admin',NULL),('211','85','0202','地下矿山','2018-05-09 10:49:27','2018-05-09 10:49:27','admin','admin',NULL),('212','90','0301','大型游乐','2018-05-09 16:16:07','2018-05-09 16:16:10',NULL,NULL,NULL),('213','90','0302','专用车辆','2018-05-09 16:16:38','2018-05-09 16:16:41',NULL,NULL,NULL),('214','90','0303','电梯','2018-05-09 16:17:01','2018-05-09 16:17:03',NULL,NULL,NULL),('215','90','0304','工业管道','2018-05-09 16:17:26','2018-05-09 16:17:28',NULL,NULL,NULL),('216','90','0305','锅炉','2018-05-09 16:17:53','2018-05-09 16:17:55',NULL,NULL,NULL),('217','90','0306','客运索道','2018-05-09 16:18:23','2018-05-09 16:18:25',NULL,NULL,NULL),('218','90','0307','起重机械','2018-05-09 16:18:53','2018-05-09 16:18:55',NULL,NULL,NULL),('219','90','0308','气瓶充装站','2018-05-09 16:19:23','2018-05-09 16:19:25',NULL,NULL,NULL),('220','90','0309','压力容器','2018-05-09 16:19:45','2018-05-09 16:19:48',NULL,NULL,NULL),('59','16','2018059','鄂城区','2018-05-07 10:10:10','2018-05-07 10:10:10','admin','admin',NULL),('60','16','2018060','华容区','2018-05-07 10:10:10','2018-05-07 10:10:10','admin','admin',NULL),('61','16','2018061','梁子湖区','2018-05-07 10:10:10','2018-05-07 10:10:10','admin','admin',NULL),('62','16','2018062','葛店经济开发区','2018-05-07 10:10:10','2018-05-07 10:10:10','admin','admin',NULL),('63','16','2018063','鄂州经济开发区','2018-05-07 10:10:10','2018-05-07 10:10:10','admin','admin',NULL),('64','16','2018064','凤凰街办','2018-05-07 10:10:10','2018-05-07 10:10:10','admin','admin',NULL),('65','16','2018065','古楼街办','2018-05-07 10:10:10','2018-05-07 10:10:10','admin','admin',NULL),('66','16','2018066','西山街办','2018-05-07 10:10:10','2018-05-07 10:10:10','admin','admin',NULL),('67','16','2018067','梧桐湖新区','2018-05-07 10:10:10','2018-05-07 10:10:10','admin','admin',NULL),('68','16','2018068','三江港新区','2018-05-07 10:10:10','2018-05-07 10:10:10','admin','admin',NULL),('69','16','2018069','红莲湖新区','2018-05-07 10:10:10','2018-05-07 10:10:10','admin','admin',NULL),('70','16','2018070','花湖经济开发区','2018-05-07 10:10:10','2018-05-07 10:10:10','admin','admin',NULL),('71','16','2018071','鄂城新区','2018-05-07 10:10:10','2018-05-07 10:10:10','admin','admin',NULL),('85','9','2018085','非煤矿山','2018-05-07 10:10:10','2018-05-07 10:10:10','admin','admin',NULL),('86','9','2018086','石油化工、烟花爆竹','2018-05-07 10:10:10','2018-05-07 10:10:10','admin','admin',NULL),('87','9','2018087','民爆物品','2018-05-07 10:10:10','2018-05-07 10:10:10','admin','admin',NULL),('88','9','2018088','城乡建设管理','2018-05-07 10:10:10','2018-05-07 10:10:10','admin','admin',NULL),('89','9','2018089','综合交通运输','2018-05-07 10:10:10','2018-05-07 10:10:10','admin','admin',NULL),('9','0','2017052','行业','2018-05-07 20:27:53','2018-06-14 19:19:12','admin','admin',NULL),('90','9','2018090','特种设备','2018-05-07 10:10:10','2018-05-07 10:10:10','admin','admin',NULL),('91','9','2018091','消防安全','2018-05-07 10:10:10','2018-05-07 10:10:10','admin','admin',NULL),('92','9','2018092','工业(含四大行业)','2018-05-07 10:10:10','2018-05-07 10:10:10','admin','admin',NULL);

/*Table structure for table `t_sys_log` */

DROP TABLE IF EXISTS `t_sys_log`;

CREATE TABLE `t_sys_log` (
  `id` varchar(32) NOT NULL COMMENT '主键id',
  `login_name` varchar(255) DEFAULT NULL COMMENT '登陆名',
  `role_name` varchar(255) DEFAULT NULL COMMENT '角色名',
  `type` tinyint(4) DEFAULT NULL COMMENT '日志类型（0:系统日志，1：操作日志）',
  `operation` varchar(255) DEFAULT NULL COMMENT '用户操作',
  `class_name` varchar(1024) DEFAULT NULL COMMENT '类名',
  `method` varchar(1024) DEFAULT NULL COMMENT '请求方法',
  `params` varchar(1024) DEFAULT NULL COMMENT '请求参数',
  `time` bigint(19) DEFAULT NULL COMMENT '执行时长',
  `client_ip` varchar(255) DEFAULT NULL COMMENT '客户端ip',
  `create_time` datetime NOT NULL COMMENT '创建时间',
  PRIMARY KEY (`id`)
) ENGINE=InnoDB DEFAULT CHARSET=utf8 COMMENT='系统日志表';

/*Data for the table `t_sys_log` */

/*Table structure for table `t_sys_resource` */

DROP TABLE IF EXISTS `t_sys_resource`;

CREATE TABLE `t_sys_resource` (
  `id` bigint(19) NOT NULL COMMENT '主键',
  `parent_id` bigint(19) DEFAULT NULL COMMENT '父级资源ID',
  `name` varchar(64) NOT NULL COMMENT '资源名称',
  `url` varchar(100) DEFAULT NULL COMMENT '资源路径',
  `description` varchar(255) DEFAULT NULL COMMENT '资源介绍',
  `icon` varchar(32) DEFAULT NULL COMMENT '资源图标',
  `seq` tinyint(4) NOT NULL DEFAULT '0' COMMENT '排序',
  `resource_type` tinyint(4) NOT NULL DEFAULT '0' COMMENT '资源类别(0：菜单，1：按钮)',
  `status` tinyint(4) NOT NULL DEFAULT '0' COMMENT '状态(0：开，1：关）',
  `create_time` datetime DEFAULT NULL ON UPDATE CURRENT_TIMESTAMP COMMENT '记录创建时间',
  `update_time` datetime DEFAULT NULL ON UPDATE CURRENT_TIMESTAMP COMMENT '记录最后修改时间',
  `create_user` varchar(255) DEFAULT NULL COMMENT '记录创建用户',
  `update_user` varchar(255) DEFAULT NULL COMMENT '记录最后修改用户',
  PRIMARY KEY (`id`)
) ENGINE=InnoDB DEFAULT CHARSET=utf8 COMMENT='资源表';

/*Data for the table `t_sys_resource` */

insert  into `t_sys_resource`(`id`,`parent_id`,`name`,`url`,`description`,`icon`,`seq`,`resource_type`,`status`,`create_time`,`update_time`,`create_user`,`update_user`) values (1,0,'系统配置','','系统管理','config',2,0,0,'2018-12-17 15:23:40','2018-12-17 15:23:40',NULL,'admin'),(11,1,'资源管理','sys/menu','资源管理','menu',3,1,0,'2018-12-17 19:11:42','2018-12-17 19:11:43',NULL,'admin'),(12,1,'角色管理','sys/role','角色管理','role',2,1,0,'2018-12-17 19:11:24','2018-12-17 19:11:25',NULL,'admin'),(13,1,'用户管理','sys/user','用户管理','admin',1,1,0,'2018-12-17 19:11:13','2018-12-17 19:11:14',NULL,'admin'),(111,11,'列表','sys/menu/list','资源列表','',0,2,0,'2018-12-13 19:32:40','2018-12-13 19:32:40',NULL,NULL),(112,11,'添加','sys/menu/save','资源添加','',0,2,0,'2018-12-13 19:32:40','2018-12-13 19:32:40',NULL,NULL),(113,11,'编辑','sys/menu/update','资源编辑','',0,2,0,'2018-12-13 19:32:40','2018-12-13 19:32:40',NULL,NULL),(114,11,'删除','sys/menu/delete','资源删除','',0,2,0,'2018-12-13 19:32:40','2018-12-13 19:32:40',NULL,NULL),(115,11,'选择','sys/menu/select','菜单选择',NULL,4,2,0,'2018-12-14 16:44:29','2018-12-14 16:44:32',NULL,NULL),(116,11,'信息','sys/menu/info','菜单信息',NULL,5,2,0,'2018-12-14 16:45:04','2018-12-14 16:45:06',NULL,NULL),(121,12,'列表','sys/role/list','角色列表','',0,2,0,'2018-12-13 19:32:40','2018-12-13 19:32:40',NULL,NULL),(122,12,'添加','sys/role/save','角色添加','',0,2,0,'2018-12-13 19:32:40','2018-12-13 19:32:40',NULL,NULL),(123,12,'编辑','sys/role/update','角色编辑','',0,2,0,'2018-12-13 19:32:40','2018-12-13 19:32:40',NULL,NULL),(124,12,'删除','sys/role/delete','角色删除','',0,2,0,'2018-12-13 19:32:40','2018-12-13 19:32:40',NULL,NULL),(125,12,'选择','sys/role/select','角色选择',NULL,5,2,0,'2018-12-14 13:52:39','2018-12-14 13:52:42',NULL,NULL),(126,12,'信息','sys/role/info','角色信息',NULL,6,2,0,'2018-12-14 14:32:15','2018-12-14 14:32:15',NULL,NULL),(131,13,'列表','sys/user/list','用户列表','',1,2,0,'2018-12-13 19:32:40','2018-12-13 19:32:40',NULL,NULL),(132,13,'添加','sys/user/save','用户添加','',2,2,0,'2018-12-13 19:32:40','2018-12-13 19:32:40',NULL,NULL),(133,13,'编辑','sys/user/update','用户编辑','',3,2,0,'2018-12-13 19:32:40','2018-12-13 19:32:40',NULL,NULL),(134,13,'删除','sys/user/delete','用户删除','',4,2,0,'2018-12-13 19:32:40','2018-12-13 19:32:40',NULL,NULL),(135,13,'信息','sys/user/info','用户信息',NULL,5,2,0,'2018-12-14 14:05:39','2018-12-14 14:05:41',NULL,NULL),(227,1,'操作日志','sys/log','操作日志','log',29,1,0,'2018-12-15 19:36:23','2018-12-15 19:36:23',NULL,'admin'),(228,1,'Druid监控','http://localhost:8281/druid','Druid监控','sql',30,1,0,'2019-01-18 16:23:10','2019-01-18 16:23:11',NULL,'admin'),(234,1,'字典管理','sys/dic','字典管理','menu',4,1,0,'2018-12-17 19:12:03','2018-12-17 19:12:04',NULL,'admin'),(235,234,'数据字典列表','sys/dic/list','数据字典列表','',0,2,0,'2018-12-13 19:37:23','2018-12-13 19:37:23',NULL,NULL),(236,234,'添加','sys/dic/save','数据字典添加','',1,2,0,'2018-12-13 19:37:03','2018-12-13 19:37:03',NULL,NULL),(237,234,'编辑','sys/dic/update','数据字典编辑','',2,2,0,'2018-12-13 19:32:40','2018-12-13 19:32:40',NULL,NULL),(238,234,'删除','sys/dic/delete','数据字典删除','',3,2,0,'2018-12-13 19:32:40','2018-12-13 19:32:40',NULL,NULL),(239,1,'定时任务','sys/schedule',NULL,'job',5,1,0,'2018-12-15 19:10:38',NULL,'admin',NULL),(240,239,'列表','sys/schedule/list',NULL,'',1,2,0,'2018-12-15 19:15:10',NULL,'admin',NULL),(241,239,'添加','sys/schedule/save',NULL,'',2,2,0,'2018-12-15 19:16:20',NULL,'admin',NULL),(242,239,'编辑','sys/schedule/update','定时任务编辑','',3,2,0,'2018-12-15 19:22:18',NULL,'admin',NULL),(243,239,'删除','sys/schedule/delete','定时任务删除','',4,2,0,'2018-12-15 19:23:09',NULL,'admin',NULL),(244,239,'信息','sys/schedule/info','定时任务信息','',5,2,0,'2018-12-15 19:23:33',NULL,'admin',NULL),(245,239,'暂停','sys/schedule/pause','定时任务暂停','',6,2,0,'2018-12-15 19:25:39',NULL,'admin',NULL),(246,239,'恢复','sys/schedule/resume','定时任务恢复','',7,2,0,'2018-12-15 19:26:19',NULL,'admin',NULL),(247,239,'立即执行','sys/schedule/run','定时任务立即执行','',8,2,0,'2018-12-15 19:27:46',NULL,'admin',NULL),(248,239,'日志','sys/schedule/log','定时任务日志','',9,2,0,'2018-12-15 19:28:40',NULL,'admin',NULL),(268,1,'API接口','http://localhost:8281/swagger-ui.html','API接口','config',31,1,0,'2019-01-18 16:24:28',NULL,'admin',NULL);

/*Table structure for table `t_sys_role` */

DROP TABLE IF EXISTS `t_sys_role`;

CREATE TABLE `t_sys_role` (
  `id` varchar(32) NOT NULL COMMENT '主键id',
  `name` varchar(64) NOT NULL COMMENT '角色名',
  `seq` tinyint(2) NOT NULL DEFAULT '0' COMMENT '排序号',
  `description` varchar(255) DEFAULT NULL COMMENT '简介',
  `status` tinyint(2) NOT NULL DEFAULT '0' COMMENT '状态(0：开启，1：关闭)',
  `create_time` datetime NOT NULL ON UPDATE CURRENT_TIMESTAMP COMMENT '记录创建时间',
  `update_time` datetime NOT NULL ON UPDATE CURRENT_TIMESTAMP COMMENT '记录最后修改时间',
  `create_user_id` bigint(19) DEFAULT NULL COMMENT '记录创建者ID',
  PRIMARY KEY (`id`)
) ENGINE=InnoDB DEFAULT CHARSET=utf8 COMMENT='角色表';

/*Data for the table `t_sys_role` */

insert  into `t_sys_role`(`id`,`name`,`seq`,`description`,`status`,`create_time`,`update_time`,`create_user_id`) values ('1','admin',1,'超级管理员',0,'2019-01-18 16:24:41','2019-01-18 16:24:41',1),('2','应用管理员',2,'应用管理员',0,'2018-12-19 16:27:34','2018-12-19 16:27:35',1),('3','安全管理',3,'安全管理',0,'2018-12-19 20:20:44','2018-12-19 20:20:45',1),('4','安全专业人员',4,'安全专业人员',0,'2018-12-14 14:58:20','2018-12-14 14:58:20',1),('5','安检岗位',5,'安检岗位',0,'2018-12-14 14:58:22','2018-12-14 14:58:22',1),('6','岗位人员',6,'岗位人员',0,'2018-12-14 14:58:24','2018-12-14 14:58:24',1);

/*Table structure for table `t_sys_role_resource` */

DROP TABLE IF EXISTS `t_sys_role_resource`;

CREATE TABLE `t_sys_role_resource` (
  `id` varchar(32) NOT NULL COMMENT '主键id',
  `role_id` varchar(32) NOT NULL COMMENT '角色id',
  `resource_id` bigint(19) NOT NULL COMMENT '资源id',
  PRIMARY KEY (`id`),
  KEY `idx_role_resource_ids` (`role_id`,`resource_id`) USING BTREE
) ENGINE=InnoDB DEFAULT CHARSET=utf8 COMMENT='角色资源表';

/*Data for the table `t_sys_role_resource` */

insert  into `t_sys_role_resource`(`id`,`role_id`,`resource_id`) values ('89166','1',1),('89180','1',11),('89173','1',12),('89167','1',13),('89181','1',111),('89182','1',112),('89183','1',113),('89184','1',114),('89185','1',115),('89186','1',116),('89174','1',121),('89175','1',122),('89176','1',123),('89177','1',124),('89178','1',125),('89179','1',126),('89168','1',131),('89169','1',132),('89170','1',133),('89171','1',134),('89172','1',135),('89214','1',227),('89215','1',228),('89187','1',234),('89188','1',235),('89189','1',236),('89190','1',237),('89191','1',238),('89192','1',239),('89193','1',240),('89194','1',241),('89195','1',242),('89196','1',243),('89197','1',244),('89198','1',245),('89199','1',246),('89200','1',247),('89201','1',248),('89159','1',249),('89160','1',250),('89161','1',251),('89162','1',252),('89163','1',253),('89164','1',254),('89165','1',255),('89202','1',256),('89208','1',257),('89203','1',258),('89204','1',259),('89205','1',260),('89206','1',261),('89207','1',262),('89209','1',263),('89210','1',264),('89211','1',265),('89212','1',266),('89213','1',267),('89216','1',268),('88803','2',11),('88796','2',12),('88790','2',13),('88804','2',111),('88805','2',112),('88806','2',113),('88807','2',114),('88808','2',115),('88809','2',116),('88797','2',121),('88798','2',122),('88799','2',123),('88800','2',124),('88801','2',125),('88802','2',126),('88791','2',131),('88792','2',132),('88793','2',133),('88794','2',134),('88795','2',135),('88832','2',227),('88833','2',228),('88810','2',234),('88811','2',235),('88812','2',236),('88813','2',237),('88814','2',238),('88815','2',239),('88816','2',240),('88817','2',241),('88818','2',242),('88819','2',243),('88820','2',244),('88821','2',245),('88822','2',246),('88823','2',247),('88824','2',248),('88783','2',249),('88784','2',250),('88785','2',251),('88786','2',252),('88787','2',253),('88788','2',254),('88789','2',255),('88825','2',256),('88826','2',258),('88827','2',259),('88828','2',260),('88829','2',261),('88830','2',262),('88831','2',263),('89157','3',1),('89121','3',11),('89114','3',12),('89108','3',13),('89122','3',111),('89123','3',112),('89124','3',113),('89125','3',114),('89126','3',115),('89127','3',116),('89115','3',121),('89116','3',122),('89117','3',123),('89118','3',124),('89119','3',125),('89120','3',126),('89109','3',131),('89110','3',132),('89111','3',133),('89112','3',134),('89113','3',135),('89153','3',227),('89154','3',228),('89128','3',234),('89129','3',235),('89130','3',236),('89131','3',237),('89132','3',238),('89133','3',239),('89134','3',240),('89135','3',241),('89136','3',242),('89137','3',243),('89138','3',244),('89139','3',245),('89140','3',246),('89141','3',247),('89142','3',248),('89155','3',249),('89156','3',250),('89104','3',251),('89105','3',252),('89106','3',253),('89107','3',254),('89143','3',256),('89158','3',257),('89144','3',258),('89145','3',259),('89146','3',260),('89147','3',261),('89148','3',262),('89149','3',263),('89150','3',264),('89151','3',265),('89152','3',266);

/*Table structure for table `t_sys_user` */

DROP TABLE IF EXISTS `t_sys_user`;

CREATE TABLE `t_sys_user` (
  `id` varchar(32) NOT NULL COMMENT '主键id',
  `login_name` varchar(64) NOT NULL COMMENT '登陆名',
  `name` varchar(64) NOT NULL COMMENT '用户名',
  `password` varchar(64) NOT NULL COMMENT '密码',
  `salt` varchar(36) DEFAULT NULL COMMENT '密码加密盐',
  `sex` tinyint(4) NOT NULL DEFAULT '0' COMMENT '性别(0:男，1：女)',
  `phone` varchar(20) DEFAULT NULL COMMENT '手机号',
  `email` varchar(255) DEFAULT NULL COMMENT '邮箱',
  `status` tinyint(4) NOT NULL DEFAULT '0' COMMENT '用户状态(0：正常，1：不正常)',
  `expired` tinyint(4) DEFAULT '0' COMMENT '过期字段（0-不过期，1-过期）',
  `is_leader` tinyint(4) DEFAULT NULL COMMENT '是否领导（0-是，1-否）',
  `create_time` datetime NOT NULL ON UPDATE CURRENT_TIMESTAMP COMMENT '记录创建时间',
  `update_time` datetime NOT NULL ON UPDATE CURRENT_TIMESTAMP COMMENT '记录最后修改时间',
  `create_user_id` varchar(32) DEFAULT NULL COMMENT '记录创建用户ID',
  PRIMARY KEY (`id`),
  KEY `index_user_login_name` (`login_name`) USING BTREE
) ENGINE=InnoDB DEFAULT CHARSET=utf8 COMMENT='用户表';

/*Data for the table `t_sys_user` */

insert  into `t_sys_user`(`id`,`login_name`,`name`,`password`,`salt`,`sex`,`phone`,`email`,`status`,`expired`,`is_leader`,`create_time`,`update_time`,`create_user_id`) values ('1','admin','admin','b2ccd2d71e04f7dd479d79c5fe886c8f','b4752b4b73034de06afb2db30fe19061',0,'18627026982','tuminglong@126.com',0,0,0,'2018-12-19 20:22:33','2018-12-19 21:27:49',NULL);

/*Table structure for table `t_sys_user_role` */

DROP TABLE IF EXISTS `t_sys_user_role`;

CREATE TABLE `t_sys_user_role` (
  `id` varchar(32) NOT NULL COMMENT '主键id',
  `user_id` varchar(32) NOT NULL COMMENT '用户id',
  `role_id` varchar(32) NOT NULL COMMENT '角色id',
  PRIMARY KEY (`id`),
  KEY `idx_user_role_ids` (`user_id`,`role_id`) USING BTREE
) ENGINE=InnoDB DEFAULT CHARSET=utf8 COMMENT='用户角色表';

/*Data for the table `t_sys_user_role` */

insert  into `t_sys_user_role`(`id`,`user_id`,`role_id`) values ('249','1','1'),('372','100','9'),('1293','1000','25'),('1295','1002','25'),('1297','1004','25'),('1299','1006','25'),('1301','1008','25'),('2524','101','2'),('2523','101','9'),('1303','1010','25'),('1305','1012','25'),('1307','1014','25'),('1309','1016','25'),('1311','1018','25'),('1313','1020','25'),('1315','1022','25'),('1317','1024','25'),('1319','1026','25'),('1321','1028','25'),('376','103','9'),('1323','1030','25'),('1325','1032','25'),('1327','1034','25'),('1329','1036','25'),('1331','1038','25'),('1333','1040','25'),('1335','1042','25'),('1337','1044','25'),('1339','1046','25'),('1341','1048','25'),('2457','105','8'),('2459','105','9'),('1343','1050','25'),('1345','1052','22'),('1347','1054','23'),('1349','1056','22'),('1351','1058','22'),('1353','1060','22'),('1355','1062','23'),('1357','1064','23'),('1359','1066','23'),('1361','1068','23'),('1363','1070','23'),('1365','1072','23'),('1367','1074','23'),('1369','1076','23'),('1371','1078','23'),('1373','1080','23'),('1375','1082','23'),('1377','1084','23'),('1379','1086','23'),('1381','1088','22'),('1383','1090','25'),('1385','1092','25'),('1387','1094','25'),('1389','1096','25'),('1391','1098','25'),('1393','1100','25'),('1395','1102','25'),('1397','1104','23'),('1399','1106','23'),('1401','1108','25'),('1403','1110','25'),('1405','1112','25'),('1407','1114','25'),('1409','1116','25'),('1411','1118','25'),('1413','1120','25'),('1415','1122','25'),('1417','1124','23'),('1419','1126','25'),('1421','1128','25'),('1423','1130','25'),('1425','1132','25'),('1427','1134','25'),('1429','1136','25'),('1431','1138','25'),('403','114','8'),('1433','1140','25'),('1435','1142','25'),('1437','1144','23'),('1439','1146','25'),('1441','1148','25'),('1443','1150','25'),('1445','1152','25'),('1447','1154','25'),('1449','1156','25'),('1451','1158','25'),('1453','1160','25'),('1455','1162','25'),('1457','1164','25'),('1459','1166','25'),('1461','1168','25'),('1463','1170','25'),('1465','1172','25'),('1467','1174','25'),('1469','1176','25'),('1471','1178','25'),('411','118','22'),('1473','1180','25'),('1475','1182','25'),('1477','1184','25'),('1479','1186','25'),('1481','1188','25'),('1483','1190','25'),('1485','1192','25'),('1487','1194','25'),('1489','1196','25'),('1491','1198','25'),('2529','120','22'),('1493','1200','25'),('1495','1202','25'),('1497','1204','25'),('1499','1206','25'),('1501','1208','25'),('1503','1210','25'),('1505','1212','25'),('1507','1214','25'),('1509','1216','25'),('1511','1218','25'),('415','122','22'),('1513','1220','25'),('1515','1222','25'),('1517','1224','25'),('1519','1226','25'),('1521','1228','25'),('1523','1230','22'),('1525','1232','25'),('1527','1234','25'),('1529','1236','25'),('1531','1238','25'),('417','124','22'),('1533','1240','25'),('1535','1242','25'),('1537','1244','25'),('1539','1246','25'),('1541','1248','25'),('1543','1250','25'),('1545','1252','25'),('1547','1254','25'),('1549','1256','25'),('1551','1258','25'),('419','126','22'),('1553','1260','25'),('1555','1262','23'),('1557','1264','25'),('1559','1266','25'),('1561','1268','25'),('1563','1270','25'),('1565','1272','25'),('1567','1274','25'),('1569','1276','25'),('1571','1278','25'),('421','128','22'),('1573','1280','25'),('1575','1282','25'),('1577','1284','23'),('1579','1286','25'),('1581','1288','25'),('1583','1290','25'),('1585','1292','25'),('1587','1294','25'),('1589','1296','25'),('1591','1298','25'),('423','130','22'),('1593','1300','25'),('1595','1302','25'),('1597','1304','25'),('1599','1306','25'),('1601','1308','25'),('1603','1310','25'),('1605','1312','25'),('1607','1314','25'),('1609','1316','25'),('1611','1318','25'),('425','132','22'),('1613','1320','25'),('1615','1322','25'),('1617','1324','23'),('1619','1326','23'),('1621','1328','23'),('1623','1330','23'),('1625','1332','23'),('1627','1334','25'),('1629','1336','25'),('1631','1338','25'),('427','134','22'),('1633','1340','25'),('1635','1342','25'),('1637','1344','25'),('1639','1346','25'),('1641','1348','25'),('1643','1350','25'),('1645','1352','25'),('1647','1354','25'),('1649','1356','23'),('1651','1358','25'),('429','136','22'),('1653','1360','25'),('1655','1362','25'),('1657','1364','25'),('1659','1366','25'),('1661','1368','25'),('1663','1370','25'),('1665','1372','25'),('1667','1374','25'),('1669','1376','25'),('1671','1378','25'),('431','138','22'),('1673','1380','25'),('1675','1382','25'),('1677','1384','25'),('1679','1386','25'),('1681','1388','25'),('1683','1390','25'),('1685','1392','25'),('1687','1394','25'),('1689','1396','23'),('1691','1398','25'),('433','140','22'),('1693','1400','25'),('1695','1402','25'),('1697','1404','25'),('1699','1406','25'),('1701','1408','25'),('1703','1410','25'),('1705','1412','25'),('1707','1414','25'),('1709','1416','25'),('1711','1418','25'),('435','142','22'),('1713','1420','25'),('1715','1422','25'),('1717','1424','25'),('1719','1426','22'),('1721','1428','23'),('1723','1430','22'),('1725','1432','22'),('1727','1434','22'),('1729','1436','22'),('1731','1438','22'),('437','144','22'),('1733','1440','22'),('1735','1442','25'),('1737','1444','25'),('1739','1446','25'),('1741','1448','25'),('1743','1450','25'),('1745','1452','25'),('1747','1454','25'),('1749','1456','25'),('1751','1458','25'),('439','146','22'),('1753','1460','25'),('1755','1462','25'),('1757','1464','25'),('1759','1466','25'),('1761','1468','25'),('1763','1470','25'),('1765','1472','25'),('1767','1474','25'),('1769','1476','25'),('1771','1478','25'),('441','148','22'),('1773','1480','23'),('1775','1482','23'),('1777','1484','25'),('1779','1486','25'),('1781','1488','25'),('1783','1490','25'),('1785','1492','25'),('1787','1494','25'),('1789','1496','25'),('1791','1498','25'),('443','150','22'),('1793','1500','25'),('1795','1502','25'),('1797','1504','25'),('1799','1506','25'),('1801','1508','25'),('1803','1510','25'),('1805','1512','25'),('1807','1514','25'),('1809','1516','22'),('1811','1518','25'),('445','152','22'),('1813','1520','22'),('1815','1522','23'),('1817','1524','22'),('2460','1526','8'),('2461','1527','1'),('2519','1528','1'),('2463','1529','1'),('2465','1530','1'),('2467','1531','1'),('2469','1532','1'),('2471','1533','1'),('2473','1534','1'),('2475','1535','1'),('2477','1536','1'),('2479','1537','1'),('2481','1538','1'),('2483','1539','1'),('447','154','22'),('2485','1540','1'),('2487','1541','1'),('2489','1542','1'),('2491','1543','1'),('2493','1544','1'),('2495','1545','1'),('2497','1546','1'),('2499','1547','1'),('2501','1548','1'),('2503','1549','1'),('2505','1550','1'),('2507','1551','1'),('2509','1552','1'),('2511','1553','1'),('2513','1554','1'),('2515','1555','1'),('449','156','22'),('451','158','22'),('453','160','22'),('455','162','25'),('457','164','25'),('459','166','25'),('461','168','25'),('463','170','25'),('465','172','22'),('467','174','22'),('469','176','22'),('471','178','23'),('473','180','23'),('475','182','22'),('477','184','23'),('479','186','23'),('481','188','23'),('483','190','23'),('485','192','23'),('487','194','23'),('489','196','23'),('491','198','23'),('493','200','23'),('495','202','23'),('497','204','23'),('499','206','23'),('501','208','23'),('503','210','23'),('505','212','23'),('507','214','23'),('509','216','23'),('511','218','23'),('513','220','23'),('515','222','23'),('517','224','23'),('519','226','23'),('521','228','23'),('523','230','23'),('525','232','23'),('527','234','23'),('529','236','23'),('531','238','23'),('533','240','23'),('535','242','22'),('537','244','23'),('539','246','22'),('541','248','22'),('543','250','22'),('545','252','22'),('547','254','22'),('549','256','22'),('551','258','23'),('553','260','22'),('555','262','22'),('557','264','22'),('559','266','22'),('561','268','22'),('563','270','23'),('565','272','23'),('567','274','23'),('569','276','23'),('571','278','23'),('573','280','23'),('575','282','23'),('577','284','23'),('579','286','23'),('581','288','23'),('583','290','25'),('585','292','25'),('587','294','25'),('589','296','25'),('591','298','25'),('593','300','25'),('595','302','25'),('597','304','25'),('599','306','25'),('601','308','25'),('603','310','25'),('605','312','25'),('607','314','25'),('609','316','25'),('611','318','25'),('613','320','25'),('615','322','25'),('617','324','25'),('619','326','25'),('621','328','25'),('623','330','25'),('625','332','25'),('627','334','25'),('629','336','25'),('631','338','25'),('633','340','25'),('635','342','25'),('637','344','25'),('639','346','25'),('641','348','25'),('643','350','25'),('645','352','25'),('647','354','25'),('649','356','25'),('651','358','25'),('653','360','25'),('655','362','25'),('657','364','25'),('659','366','25'),('661','368','25'),('663','370','25'),('665','372','25'),('667','374','25'),('669','376','25'),('671','378','25'),('673','380','25'),('675','382','25'),('677','384','25'),('679','386','25'),('681','388','25'),('683','390','25'),('685','392','25'),('687','394','25'),('689','396','25'),('691','398','25'),('693','400','25'),('695','402','25'),('697','404','25'),('699','406','25'),('701','408','25'),('703','410','25'),('705','412','25'),('707','414','25'),('709','416','25'),('711','418','25'),('713','420','25'),('715','422','25'),('717','424','25'),('719','426','25'),('721','428','25'),('723','430','25'),('725','432','25'),('727','434','25'),('729','436','25'),('731','438','25'),('733','440','23'),('735','442','23'),('737','444','22'),('739','446','22'),('741','448','22'),('743','450','22'),('745','452','23'),('747','454','23'),('749','456','23'),('751','458','23'),('753','460','23'),('755','462','23'),('757','464','25'),('759','466','25'),('761','468','23'),('763','470','25'),('765','472','25'),('767','474','25'),('769','476','25'),('771','478','25'),('773','480','25'),('775','482','25'),('777','484','25'),('779','486','25'),('781','488','25'),('783','490','25'),('785','492','25'),('787','494','23'),('789','496','25'),('791','498','25'),('793','500','25'),('795','502','25'),('797','504','25'),('799','506','25'),('801','508','25'),('803','510','25'),('805','512','25'),('807','514','25'),('809','516','25'),('811','518','25'),('813','520','25'),('815','522','25'),('817','524','23'),('819','526','25'),('821','528','25'),('823','530','25'),('825','532','25'),('827','534','25'),('829','536','25'),('831','538','25'),('833','540','25'),('835','542','25'),('837','544','25'),('839','546','25'),('841','548','25'),('843','550','25'),('845','552','25'),('847','554','25'),('849','556','22'),('851','558','25'),('853','560','23'),('855','562','25'),('857','564','25'),('859','566','25'),('861','568','25'),('151','57','8'),('863','570','25'),('865','572','25'),('867','574','25'),('869','576','25'),('871','578','25'),('873','580','25'),('875','582','25'),('877','584','25'),('879','586','25'),('881','588','25'),('153','59','8'),('883','590','25'),('885','592','25'),('887','594','23'),('889','596','25'),('891','598','25'),('893','600','25'),('895','602','25'),('897','604','25'),('899','606','25'),('901','608','25'),('239','61','8'),('903','610','25'),('905','612','25'),('907','614','25'),('909','616','25'),('911','618','25'),('913','620','25'),('915','622','25'),('917','624','25'),('919','626','25'),('921','628','25'),('923','630','25'),('925','632','25'),('927','634','25'),('929','636','25'),('931','638','25'),('933','640','25'),('935','642','25'),('937','644','22'),('939','646','25'),('941','648','22'),('943','650','23'),('945','652','22'),('947','654','25'),('949','656','25'),('951','658','25'),('953','660','25'),('955','662','25'),('957','664','25'),('959','666','25'),('961','668','25'),('2527','67','2'),('2528','67','9'),('963','670','25'),('965','672','25'),('967','674','22'),('969','676','23'),('971','678','22'),('973','680','22'),('975','682','22'),('977','684','22'),('979','686','23'),('981','688','23'),('983','690','25'),('985','692','25'),('987','694','25'),('989','696','25'),('991','698','25'),('993','700','25'),('995','702','25'),('997','704','25'),('999','706','25'),('1001','708','25'),('221','71','1'),('1003','710','25'),('1005','712','23'),('1007','714','25'),('1009','716','25'),('1011','718','25'),('1013','720','25'),('1015','722','25'),('1017','724','25'),('1019','726','25'),('1021','728','23'),('217','73','1'),('1023','730','25'),('1025','732','25'),('1027','734','25'),('1029','736','25'),('1031','738','25'),('1033','740','23'),('1035','742','23'),('1037','744','25'),('1039','746','25'),('1041','748','25'),('1043','750','25'),('1045','752','25'),('1047','754','25'),('1049','756','25'),('1051','758','25'),('1053','760','25'),('1055','762','25'),('1057','764','25'),('1059','766','25'),('1061','768','25'),('1063','770','25'),('1065','772','25'),('1067','774','25'),('1069','776','25'),('1071','778','25'),('1073','780','25'),('1075','782','25'),('1077','784','25'),('1079','786','25'),('1081','788','25'),('1083','790','25'),('1085','792','25'),('1087','794','25'),('1089','796','23'),('1091','798','25'),('1093','800','25'),('1095','802','25'),('1097','804','25'),('1099','806','25'),('1101','808','25'),('256','81','1'),('1103','810','25'),('1105','812','25'),('1107','814','25'),('1109','816','23'),('1111','818','23'),('1113','820','23'),('1115','822','25'),('1117','824','22'),('1119','826','25'),('1121','828','25'),('1123','830','25'),('1125','832','25'),('1127','834','25'),('1129','836','25'),('1131','838','25'),('1133','840','25'),('1135','842','25'),('1137','844','25'),('1139','846','25'),('1141','848','23'),('1143','850','25'),('1145','852','25'),('1147','854','25'),('1149','856','25'),('1151','858','25'),('1153','860','25'),('1155','862','25'),('1157','864','25'),('1159','866','25'),('1161','868','25'),('1163','870','25'),('1165','872','25'),('1167','874','25'),('1169','876','25'),('1171','878','25'),('1173','880','25'),('1175','882','25'),('1177','884','25'),('1179','886','25'),('1181','888','25'),('399','89','9'),('1183','890','25'),('1185','892','25'),('1187','894','25'),('1189','896','25'),('1191','898','25'),('1193','900','25'),('1195','902','25'),('1197','904','25'),('1199','906','25'),('1201','908','25'),('1203','910','25'),('1205','912','25'),('1207','914','25'),('1209','916','25'),('1211','918','25'),('1213','920','25'),('1215','922','25'),('1217','924','25'),('1219','926','25'),('1221','928','25'),('1223','930','25'),('1225','932','25'),('1227','934','25'),('1229','936','25'),('1231','938','25'),('1233','940','25'),('1235','942','25'),('1237','944','25'),('1239','946','25'),('1241','948','25'),('1243','950','25'),('1245','952','25'),('1247','954','25'),('1249','956','25'),('1251','958','25'),('1253','960','25'),('1255','962','25'),('1257','964','25'),('1259','966','25'),('1261','968','25'),('1263','970','25'),('1265','972','25'),('1267','974','25'),('1269','976','25'),('1271','978','25'),('1273','980','25'),('1275','982','25'),('1277','984','25'),('1279','986','25'),('1281','988','25'),('400','99','9'),('1283','990','25'),('1285','992','25'),('1287','994','25'),('1289','996','25'),('1291','998','25');

/*Table structure for table `t_sys_user_token` */

DROP TABLE IF EXISTS `t_sys_user_token`;

CREATE TABLE `t_sys_user_token` (
  `user_id` varchar(32) NOT NULL,
  `token` varchar(100) NOT NULL COMMENT 'token',
  `expire_time` datetime DEFAULT NULL COMMENT '过期时间',
  `update_time` datetime DEFAULT NULL COMMENT '更新时间',
  PRIMARY KEY (`user_id`),
  UNIQUE KEY `token` (`token`) USING BTREE
) ENGINE=InnoDB DEFAULT CHARSET=utf8 COMMENT='系统用户Token';

/*Data for the table `t_sys_user_token` */

insert  into `t_sys_user_token`(`user_id`,`token`,`expire_time`,`update_time`) values ('1','6c1d2929ccf9b9bb00803ba60549b78e','2019-01-18 16:55:12','2019-01-18 16:25:12');

/*!40101 SET SQL_MODE=@OLD_SQL_MODE */;
/*!40014 SET FOREIGN_KEY_CHECKS=@OLD_FOREIGN_KEY_CHECKS */;
/*!40014 SET UNIQUE_CHECKS=@OLD_UNIQUE_CHECKS */;
/*!40111 SET SQL_NOTES=@OLD_SQL_NOTES */;
